date,tenedor,value
2002/01,ENTIDADES DE CREDITO,68473
2002/01,BANCO DE ESPAÑA,3257
2002/01,ENTIDADES DE SEGUROS,16826
2002/01,FONDOS DE PENSIONES,5541
2002/01,FONDOS DE INVERSION,14451
2002/01,OTRAS INSTITUCIONES FINANCIERAS,972
2002/01,EMPRESAS NO FINANCIERAS,5654
2002/01,PERSONAS FÍSICAS,2352
2002/01,ADMINISTRACIONES PÚBLICAS,1409
2002/01,NO RESIDENTES,107514
2002/01,TOTAL,226449
2002/02,ENTIDADES DE CREDITO,66826
2002/02,BANCO DE ESPAÑA,3212
2002/02,ENTIDADES DE SEGUROS,17036
2002/02,FONDOS DE PENSIONES,5162
2002/02,FONDOS DE INVERSION,14134
2002/02,OTRAS INSTITUCIONES FINANCIERAS,775
2002/02,EMPRESAS NO FINANCIERAS,5693
2002/02,PERSONAS FÍSICAS,2282
2002/02,ADMINISTRACIONES PÚBLICAS,1451
2002/02,NO RESIDENTES,105207
2002/02,TOTAL,221779
2002/03,ENTIDADES DE CREDITO,68704
2002/03,BANCO DE ESPAÑA,3329
2002/03,ENTIDADES DE SEGUROS,17922
2002/03,FONDOS DE PENSIONES,4788
2002/03,FONDOS DE INVERSION,14000
2002/03,OTRAS INSTITUCIONES FINANCIERAS,844
2002/03,EMPRESAS NO FINANCIERAS,5746
2002/03,PERSONAS FÍSICAS,2303
2002/03,ADMINISTRACIONES PÚBLICAS,1455
2002/03,NO RESIDENTES,109058
2002/03,TOTAL,228149
2002/04,ENTIDADES DE CREDITO,70422
2002/04,BANCO DE ESPAÑA,3354
2002/04,ENTIDADES DE SEGUROS,18033
2002/04,FONDOS DE PENSIONES,4548
2002/04,FONDOS DE INVERSION,13645
2002/04,OTRAS INSTITUCIONES FINANCIERAS,1240
2002/04,EMPRESAS NO FINANCIERAS,5743
2002/04,PERSONAS FÍSICAS,2297
2002/04,ADMINISTRACIONES PÚBLICAS,1456
2002/04,NO RESIDENTES,109116
2002/04,TOTAL,229856
2002/05,ENTIDADES DE CREDITO,70574
2002/05,BANCO DE ESPAÑA,3349
2002/05,ENTIDADES DE SEGUROS,18359
2002/05,FONDOS DE PENSIONES,4590
2002/05,FONDOS DE INVERSION,13418
2002/05,OTRAS INSTITUCIONES FINANCIERAS,1475
2002/05,EMPRESAS NO FINANCIERAS,5737
2002/05,PERSONAS FÍSICAS,2365
2002/05,ADMINISTRACIONES PÚBLICAS,2673
2002/05,NO RESIDENTES,111791
2002/05,TOTAL,234331
2002/06,ENTIDADES DE CREDITO,71513
2002/06,BANCO DE ESPAÑA,3284
2002/06,ENTIDADES DE SEGUROS,18238
2002/06,FONDOS DE PENSIONES,4658
2002/06,FONDOS DE INVERSION,12927
2002/06,OTRAS INSTITUCIONES FINANCIERAS,1374
2002/06,EMPRESAS NO FINANCIERAS,5753
2002/06,PERSONAS FÍSICAS,2353
2002/06,ADMINISTRACIONES PÚBLICAS,3022
2002/06,NO RESIDENTES,109986
2002/06,TOTAL,233109
2002/07,ENTIDADES DE CREDITO,66366
2002/07,BANCO DE ESPAÑA,3209
2002/07,ENTIDADES DE SEGUROS,17718
2002/07,FONDOS DE PENSIONES,4610
2002/07,FONDOS DE INVERSION,11345
2002/07,OTRAS INSTITUCIONES FINANCIERAS,1492
2002/07,EMPRESAS NO FINANCIERAS,5876
2002/07,PERSONAS FÍSICAS,2282
2002/07,ADMINISTRACIONES PÚBLICAS,3668
2002/07,NO RESIDENTES,109627
2002/07,TOTAL,226192
2002/08,ENTIDADES DE CREDITO,65985
2002/08,BANCO DE ESPAÑA,3275
2002/08,ENTIDADES DE SEGUROS,17783
2002/08,FONDOS DE PENSIONES,4594
2002/08,FONDOS DE INVERSION,11575
2002/08,OTRAS INSTITUCIONES FINANCIERAS,1660
2002/08,EMPRESAS NO FINANCIERAS,6299
2002/08,PERSONAS FÍSICAS,2320
2002/08,ADMINISTRACIONES PÚBLICAS,3669
2002/08,NO RESIDENTES,110475
2002/08,TOTAL,227635
2002/09,ENTIDADES DE CREDITO,67336
2002/09,BANCO DE ESPAÑA,3482
2002/09,ENTIDADES DE SEGUROS,17177
2002/09,FONDOS DE PENSIONES,4550
2002/09,FONDOS DE INVERSION,11096
2002/09,OTRAS INSTITUCIONES FINANCIERAS,1973
2002/09,EMPRESAS NO FINANCIERAS,6383
2002/09,PERSONAS FÍSICAS,2321
2002/09,ADMINISTRACIONES PÚBLICAS,3672
2002/09,NO RESIDENTES,114323
2002/09,TOTAL,232313
2002/10,ENTIDADES DE CREDITO,67116
2002/10,BANCO DE ESPAÑA,3677
2002/10,ENTIDADES DE SEGUROS,17383
2002/10,FONDOS DE PENSIONES,4840
2002/10,FONDOS DE INVERSION,11635
2002/10,OTRAS INSTITUCIONES FINANCIERAS,1745
2002/10,EMPRESAS NO FINANCIERAS,6818
2002/10,PERSONAS FÍSICAS,2304
2002/10,ADMINISTRACIONES PÚBLICAS,3696
2002/10,NO RESIDENTES,113700
2002/10,TOTAL,232915
2002/11,ENTIDADES DE CREDITO,66475
2002/11,BANCO DE ESPAÑA,3875
2002/11,ENTIDADES DE SEGUROS,17203
2002/11,FONDOS DE PENSIONES,4575
2002/11,FONDOS DE INVERSION,11274
2002/11,OTRAS INSTITUCIONES FINANCIERAS,1821
2002/11,EMPRESAS NO FINANCIERAS,6652
2002/11,PERSONAS FÍSICAS,2334
2002/11,ADMINISTRACIONES PÚBLICAS,5440
2002/11,NO RESIDENTES,114000
2002/11,TOTAL,233648
2002/12,ENTIDADES DE CREDITO,68126
2002/12,BANCO DE ESPAÑA,4087
2002/12,ENTIDADES DE SEGUROS,17147
2002/12,FONDOS DE PENSIONES,4510
2002/12,FONDOS DE INVERSION,10546
2002/12,OTRAS INSTITUCIONES FINANCIERAS,1832
2002/12,EMPRESAS NO FINANCIERAS,6718
2002/12,PERSONAS FÍSICAS,2372
2002/12,ADMINISTRACIONES PÚBLICAS,5417
2002/12,NO RESIDENTES,114273
2002/12,TOTAL,235029
2003/01,ENTIDADES DE CREDITO,70579
2003/01,BANCO DE ESPAÑA,3975
2003/01,ENTIDADES DE SEGUROS,15716
2003/01,FONDOS DE PENSIONES,4203
2003/01,FONDOS DE INVERSION,9594
2003/01,OTRAS INSTITUCIONES FINANCIERAS,2376
2003/01,EMPRESAS NO FINANCIERAS,6145
2003/01,PERSONAS FÍSICAS,2147
2003/01,ADMINISTRACIONES PÚBLICAS,5328
2003/01,NO RESIDENTES,108344
2003/01,TOTAL,228407
2003/02,ENTIDADES DE CREDITO,71610
2003/02,BANCO DE ESPAÑA,3910
2003/02,ENTIDADES DE SEGUROS,16538
2003/02,FONDOS DE PENSIONES,4278
2003/02,FONDOS DE INVERSION,9408
2003/02,OTRAS INSTITUCIONES FINANCIERAS,1955
2003/02,EMPRESAS NO FINANCIERAS,6141
2003/02,PERSONAS FÍSICAS,2208
2003/02,ADMINISTRACIONES PÚBLICAS,5283
2003/02,NO RESIDENTES,108704
2003/02,TOTAL,230036
2003/03,ENTIDADES DE CREDITO,73471
2003/03,BANCO DE ESPAÑA,3830
2003/03,ENTIDADES DE SEGUROS,16597
2003/03,FONDOS DE PENSIONES,4225
2003/03,FONDOS DE INVERSION,9564
2003/03,OTRAS INSTITUCIONES FINANCIERAS,2020
2003/03,EMPRESAS NO FINANCIERAS,6105
2003/03,PERSONAS FÍSICAS,2228
2003/03,ADMINISTRACIONES PÚBLICAS,5871
2003/03,NO RESIDENTES,108196
2003/03,TOTAL,232107
2003/04,ENTIDADES DE CREDITO,75946
2003/04,BANCO DE ESPAÑA,3840
2003/04,ENTIDADES DE SEGUROS,16698
2003/04,FONDOS DE PENSIONES,4246
2003/04,FONDOS DE INVERSION,9470
2003/04,OTRAS INSTITUCIONES FINANCIERAS,1956
2003/04,EMPRESAS NO FINANCIERAS,6202
2003/04,PERSONAS FÍSICAS,2242
2003/04,ADMINISTRACIONES PÚBLICAS,6065
2003/04,NO RESIDENTES,111923
2003/04,TOTAL,238588
2003/05,ENTIDADES DE CREDITO,76160
2003/05,BANCO DE ESPAÑA,3908
2003/05,ENTIDADES DE SEGUROS,16737
2003/05,FONDOS DE PENSIONES,4543
2003/05,FONDOS DE INVERSION,9110
2003/05,OTRAS INSTITUCIONES FINANCIERAS,1860
2003/05,EMPRESAS NO FINANCIERAS,6238
2003/05,PERSONAS FÍSICAS,2142
2003/05,ADMINISTRACIONES PÚBLICAS,6063
2003/05,NO RESIDENTES,108612
2003/05,TOTAL,235373
2003/06,ENTIDADES DE CREDITO,81472
2003/06,BANCO DE ESPAÑA,3933
2003/06,ENTIDADES DE SEGUROS,16401
2003/06,FONDOS DE PENSIONES,4196
2003/06,FONDOS DE INVERSION,8939
2003/06,OTRAS INSTITUCIONES FINANCIERAS,1812
2003/06,EMPRESAS NO FINANCIERAS,6556
2003/06,PERSONAS FÍSICAS,2145
2003/06,ADMINISTRACIONES PÚBLICAS,6874
2003/06,NO RESIDENTES,106081
2003/06,TOTAL,238409
2003/07,ENTIDADES DE CREDITO,79674
2003/07,BANCO DE ESPAÑA,3820
2003/07,ENTIDADES DE SEGUROS,16219
2003/07,FONDOS DE PENSIONES,4055
2003/07,FONDOS DE INVERSION,7781
2003/07,OTRAS INSTITUCIONES FINANCIERAS,1805
2003/07,EMPRESAS NO FINANCIERAS,6539
2003/07,PERSONAS FÍSICAS,1992
2003/07,ADMINISTRACIONES PÚBLICAS,7422
2003/07,NO RESIDENTES,105049
2003/07,TOTAL,234357
2003/08,ENTIDADES DE CREDITO,82835
2003/08,BANCO DE ESPAÑA,3836
2003/08,ENTIDADES DE SEGUROS,16310
2003/08,FONDOS DE PENSIONES,4283
2003/08,FONDOS DE INVERSION,8025
2003/08,OTRAS INSTITUCIONES FINANCIERAS,1930
2003/08,EMPRESAS NO FINANCIERAS,6401
2003/08,PERSONAS FÍSICAS,2024
2003/08,ADMINISTRACIONES PÚBLICAS,7798
2003/08,NO RESIDENTES,101929
2003/08,TOTAL,235372
2003/09,ENTIDADES DE CREDITO,81082
2003/09,BANCO DE ESPAÑA,3718
2003/09,ENTIDADES DE SEGUROS,15739
2003/09,FONDOS DE PENSIONES,4233
2003/09,FONDOS DE INVERSION,7718
2003/09,OTRAS INSTITUCIONES FINANCIERAS,1941
2003/09,EMPRESAS NO FINANCIERAS,6455
2003/09,PERSONAS FÍSICAS,2268
2003/09,ADMINISTRACIONES PÚBLICAS,8863
2003/09,NO RESIDENTES,101848
2003/09,TOTAL,233866
2003/10,ENTIDADES DE CREDITO,81506
2003/10,BANCO DE ESPAÑA,3762
2003/10,ENTIDADES DE SEGUROS,15534
2003/10,FONDOS DE PENSIONES,3994
2003/10,FONDOS DE INVERSION,7825
2003/10,OTRAS INSTITUCIONES FINANCIERAS,1881
2003/10,EMPRESAS NO FINANCIERAS,6269
2003/10,PERSONAS FÍSICAS,2229
2003/10,ADMINISTRACIONES PÚBLICAS,8862
2003/10,NO RESIDENTES,100307
2003/10,TOTAL,232169
2003/11,ENTIDADES DE CREDITO,82719
2003/11,BANCO DE ESPAÑA,3860
2003/11,ENTIDADES DE SEGUROS,15603
2003/11,FONDOS DE PENSIONES,4047
2003/11,FONDOS DE INVERSION,7883
2003/11,OTRAS INSTITUCIONES FINANCIERAS,1778
2003/11,EMPRESAS NO FINANCIERAS,6410
2003/11,PERSONAS FÍSICAS,2246
2003/11,ADMINISTRACIONES PÚBLICAS,8863
2003/11,NO RESIDENTES,100448
2003/11,TOTAL,233856
2003/12,ENTIDADES DE CREDITO,84185
2003/12,BANCO DE ESPAÑA,4316
2003/12,ENTIDADES DE SEGUROS,15702
2003/12,FONDOS DE PENSIONES,4083
2003/12,FONDOS DE INVERSION,7723
2003/12,OTRAS INSTITUCIONES FINANCIERAS,1470
2003/12,EMPRESAS NO FINANCIERAS,6463
2003/12,PERSONAS FÍSICAS,1983
2003/12,ADMINISTRACIONES PÚBLICAS,9491
2003/12,NO RESIDENTES,97898
2003/12,TOTAL,233313
2004/01,ENTIDADES DE CREDITO,78573
2004/01,BANCO DE ESPAÑA,4363
2004/01,ENTIDADES DE SEGUROS,14996
2004/01,FONDOS DE PENSIONES,3624
2004/01,FONDOS DE INVERSION,7248
2004/01,OTRAS INSTITUCIONES FINANCIERAS,2360
2004/01,EMPRESAS NO FINANCIERAS,6437
2004/01,PERSONAS FÍSICAS,2003
2004/01,ADMINISTRACIONES PÚBLICAS,10902
2004/01,NO RESIDENTES,107904
2004/01,TOTAL,238409
2004/02,ENTIDADES DE CREDITO,76360
2004/02,BANCO DE ESPAÑA,4708
2004/02,ENTIDADES DE SEGUROS,15164
2004/02,FONDOS DE PENSIONES,3598
2004/02,FONDOS DE INVERSION,6761
2004/02,OTRAS INSTITUCIONES FINANCIERAS,2463
2004/02,EMPRESAS NO FINANCIERAS,6568
2004/02,PERSONAS FÍSICAS,2028
2004/02,ADMINISTRACIONES PÚBLICAS,10903
2004/02,NO RESIDENTES,112931
2004/02,TOTAL,241484
2004/03,ENTIDADES DE CREDITO,78011
2004/03,BANCO DE ESPAÑA,4822
2004/03,ENTIDADES DE SEGUROS,16245
2004/03,FONDOS DE PENSIONES,3531
2004/03,FONDOS DE INVERSION,6527
2004/03,OTRAS INSTITUCIONES FINANCIERAS,1729
2004/03,EMPRESAS NO FINANCIERAS,6527
2004/03,PERSONAS FÍSICAS,2021
2004/03,ADMINISTRACIONES PÚBLICAS,12809
2004/03,NO RESIDENTES,111351
2004/03,TOTAL,243574
2004/04,ENTIDADES DE CREDITO,76234
2004/04,BANCO DE ESPAÑA,4732
2004/04,ENTIDADES DE SEGUROS,16526
2004/04,FONDOS DE PENSIONES,3531
2004/04,FONDOS DE INVERSION,6718
2004/04,OTRAS INSTITUCIONES FINANCIERAS,2011
2004/04,EMPRESAS NO FINANCIERAS,6743
2004/04,PERSONAS FÍSICAS,2035
2004/04,ADMINISTRACIONES PÚBLICAS,13041
2004/04,NO RESIDENTES,113622
2004/04,TOTAL,245192
2004/05,ENTIDADES DE CREDITO,76714
2004/05,BANCO DE ESPAÑA,4690
2004/05,ENTIDADES DE SEGUROS,16270
2004/05,FONDOS DE PENSIONES,3493
2004/05,FONDOS DE INVERSION,6865
2004/05,OTRAS INSTITUCIONES FINANCIERAS,1099
2004/05,EMPRESAS NO FINANCIERAS,7158
2004/05,PERSONAS FÍSICAS,1979
2004/05,ADMINISTRACIONES PÚBLICAS,13040
2004/05,NO RESIDENTES,113010
2004/05,TOTAL,244318
2004/06,ENTIDADES DE CREDITO,78905
2004/06,BANCO DE ESPAÑA,4656
2004/06,ENTIDADES DE SEGUROS,16709
2004/06,FONDOS DE PENSIONES,3685
2004/06,FONDOS DE INVERSION,7022
2004/06,OTRAS INSTITUCIONES FINANCIERAS,647
2004/06,EMPRESAS NO FINANCIERAS,7022
2004/06,PERSONAS FÍSICAS,1967
2004/06,ADMINISTRACIONES PÚBLICAS,13877
2004/06,NO RESIDENTES,114495
2004/06,TOTAL,248985
2004/07,ENTIDADES DE CREDITO,70143
2004/07,BANCO DE ESPAÑA,4663
2004/07,ENTIDADES DE SEGUROS,16332
2004/07,FONDOS DE PENSIONES,3358
2004/07,FONDOS DE INVERSION,6281
2004/07,OTRAS INSTITUCIONES FINANCIERAS,1812
2004/07,EMPRESAS NO FINANCIERAS,7055
2004/07,PERSONAS FÍSICAS,1909
2004/07,ADMINISTRACIONES PÚBLICAS,13376
2004/07,NO RESIDENTES,116690
2004/07,TOTAL,241618
2004/08,ENTIDADES DE CREDITO,70487
2004/08,BANCO DE ESPAÑA,4920
2004/08,ENTIDADES DE SEGUROS,16376
2004/08,FONDOS DE PENSIONES,3352
2004/08,FONDOS DE INVERSION,6174
2004/08,OTRAS INSTITUCIONES FINANCIERAS,1616
2004/08,EMPRESAS NO FINANCIERAS,6994
2004/08,PERSONAS FÍSICAS,1905
2004/08,ADMINISTRACIONES PÚBLICAS,15134
2004/08,NO RESIDENTES,114225
2004/08,TOTAL,241185
2004/09,ENTIDADES DE CREDITO,70379
2004/09,BANCO DE ESPAÑA,5042
2004/09,ENTIDADES DE SEGUROS,16545
2004/09,FONDOS DE PENSIONES,3329
2004/09,FONDOS DE INVERSION,6266
2004/09,OTRAS INSTITUCIONES FINANCIERAS,367
2004/09,EMPRESAS NO FINANCIERAS,7049
2004/09,PERSONAS FÍSICAS,1934
2004/09,ADMINISTRACIONES PÚBLICAS,15356
2004/09,NO RESIDENTES,118484
2004/09,TOTAL,244750
2004/10,ENTIDADES DE CREDITO,68574
2004/10,BANCO DE ESPAÑA,5339
2004/10,ENTIDADES DE SEGUROS,16486
2004/10,FONDOS DE PENSIONES,3411
2004/10,FONDOS DE INVERSION,6006
2004/10,OTRAS INSTITUCIONES FINANCIERAS,1829
2004/10,EMPRESAS NO FINANCIERAS,7069
2004/10,PERSONAS FÍSICAS,1977
2004/10,ADMINISTRACIONES PÚBLICAS,14695
2004/10,NO RESIDENTES,121753
2004/10,TOTAL,247140
2004/11,ENTIDADES DE CREDITO,62219
2004/11,BANCO DE ESPAÑA,5384
2004/11,ENTIDADES DE SEGUROS,16367
2004/11,FONDOS DE PENSIONES,3485
2004/11,FONDOS DE INVERSION,5816
2004/11,OTRAS INSTITUCIONES FINANCIERAS,1466
2004/11,EMPRESAS NO FINANCIERAS,6826
2004/11,PERSONAS FÍSICAS,1851
2004/11,ADMINISTRACIONES PÚBLICAS,16154
2004/11,NO RESIDENTES,120770
2004/11,TOTAL,240337
2004/12,ENTIDADES DE CREDITO,66489
2004/12,BANCO DE ESPAÑA,5344
2004/12,ENTIDADES DE SEGUROS,16689
2004/12,FONDOS DE PENSIONES,3571
2004/12,FONDOS DE INVERSION,5927
2004/12,OTRAS INSTITUCIONES FINANCIERAS,1458
2004/12,EMPRESAS NO FINANCIERAS,7021
2004/12,PERSONAS FÍSICAS,1895
2004/12,ADMINISTRACIONES PÚBLICAS,16155
2004/12,NO RESIDENTES,118379
2004/12,TOTAL,242928
2005/01,ENTIDADES DE CREDITO,59642
2005/01,BANCO DE ESPAÑA,5187
2005/01,ENTIDADES DE SEGUROS,16115
2005/01,FONDOS DE PENSIONES,3570
2005/01,FONDOS DE INVERSION,5803
2005/01,OTRAS INSTITUCIONES FINANCIERAS,2306
2005/01,EMPRESAS NO FINANCIERAS,6816
2005/01,PERSONAS FÍSICAS,1819
2005/01,ADMINISTRACIONES PÚBLICAS,15274
2005/01,NO RESIDENTES,128291
2005/01,TOTAL,244820
2005/02,ENTIDADES DE CREDITO,60746
2005/02,BANCO DE ESPAÑA,5175
2005/02,ENTIDADES DE SEGUROS,16168
2005/02,FONDOS DE PENSIONES,3773
2005/02,FONDOS DE INVERSION,5938
2005/02,OTRAS INSTITUCIONES FINANCIERAS,2166
2005/02,EMPRESAS NO FINANCIERAS,6692
2005/02,PERSONAS FÍSICAS,1665
2005/02,ADMINISTRACIONES PÚBLICAS,15274
2005/02,NO RESIDENTES,125803
2005/02,TOTAL,243400
2005/03,ENTIDADES DE CREDITO,62139
2005/03,BANCO DE ESPAÑA,5304
2005/03,ENTIDADES DE SEGUROS,16374
2005/03,FONDOS DE PENSIONES,4011
2005/03,FONDOS DE INVERSION,6123
2005/03,OTRAS INSTITUCIONES FINANCIERAS,2279
2005/03,EMPRESAS NO FINANCIERAS,6855
2005/03,PERSONAS FÍSICAS,1674
2005/03,ADMINISTRACIONES PÚBLICAS,16012
2005/03,NO RESIDENTES,124134
2005/03,TOTAL,244905
2005/04,ENTIDADES DE CREDITO,60388
2005/04,BANCO DE ESPAÑA,5538
2005/04,ENTIDADES DE SEGUROS,16222
2005/04,FONDOS DE PENSIONES,4195
2005/04,FONDOS DE INVERSION,5851
2005/04,OTRAS INSTITUCIONES FINANCIERAS,2292
2005/04,EMPRESAS NO FINANCIERAS,7172
2005/04,PERSONAS FÍSICAS,1689
2005/04,ADMINISTRACIONES PÚBLICAS,17628
2005/04,NO RESIDENTES,125215
2005/04,TOTAL,246189
2005/05,ENTIDADES DE CREDITO,60504
2005/05,BANCO DE ESPAÑA,6156
2005/05,ENTIDADES DE SEGUROS,16262
2005/05,FONDOS DE PENSIONES,4100
2005/05,FONDOS DE INVERSION,5891
2005/05,OTRAS INSTITUCIONES FINANCIERAS,2312
2005/05,EMPRESAS NO FINANCIERAS,7332
2005/05,PERSONAS FÍSICAS,1687
2005/05,ADMINISTRACIONES PÚBLICAS,17620
2005/05,NO RESIDENTES,127401
2005/05,TOTAL,249274
2005/06,ENTIDADES DE CREDITO,62935
2005/06,BANCO DE ESPAÑA,6452
2005/06,ENTIDADES DE SEGUROS,16118
2005/06,FONDOS DE PENSIONES,4020
2005/06,FONDOS DE INVERSION,5668
2005/06,OTRAS INSTITUCIONES FINANCIERAS,2302
2005/06,EMPRESAS NO FINANCIERAS,7814
2005/06,PERSONAS FÍSICAS,1882
2005/06,ADMINISTRACIONES PÚBLICAS,17599
2005/06,NO RESIDENTES,127167
2005/06,TOTAL,251958
2005/07,ENTIDADES DE CREDITO,65722
2005/07,BANCO DE ESPAÑA,6542
2005/07,ENTIDADES DE SEGUROS,16275
2005/07,FONDOS DE PENSIONES,4018
2005/07,FONDOS DE INVERSION,5884
2005/07,OTRAS INSTITUCIONES FINANCIERAS,2346
2005/07,EMPRESAS NO FINANCIERAS,8247
2005/07,PERSONAS FÍSICAS,1893
2005/07,ADMINISTRACIONES PÚBLICAS,17847
2005/07,NO RESIDENTES,124833
2005/07,TOTAL,253607
2005/08,ENTIDADES DE CREDITO,61712
2005/08,BANCO DE ESPAÑA,6999
2005/08,ENTIDADES DE SEGUROS,15963
2005/08,FONDOS DE PENSIONES,3939
2005/08,FONDOS DE INVERSION,5789
2005/08,OTRAS INSTITUCIONES FINANCIERAS,2312
2005/08,EMPRESAS NO FINANCIERAS,8115
2005/08,PERSONAS FÍSICAS,1805
2005/08,ADMINISTRACIONES PÚBLICAS,17900
2005/08,NO RESIDENTES,120745
2005/08,TOTAL,245278
2005/09,ENTIDADES DE CREDITO,64308
2005/09,BANCO DE ESPAÑA,6999
2005/09,ENTIDADES DE SEGUROS,15964
2005/09,FONDOS DE PENSIONES,3849
2005/09,FONDOS DE INVERSION,5920
2005/09,OTRAS INSTITUCIONES FINANCIERAS,2370
2005/09,EMPRESAS NO FINANCIERAS,8137
2005/09,PERSONAS FÍSICAS,1818
2005/09,ADMINISTRACIONES PÚBLICAS,17899
2005/09,NO RESIDENTES,122792
2005/09,TOTAL,250057
2005/10,ENTIDADES DE CREDITO,65115
2005/10,BANCO DE ESPAÑA,5117
2005/10,ENTIDADES DE SEGUROS,16174
2005/10,FONDOS DE PENSIONES,4245
2005/10,FONDOS DE INVERSION,6183
2005/10,OTRAS INSTITUCIONES FINANCIERAS,2500
2005/10,EMPRESAS NO FINANCIERAS,8329
2005/10,PERSONAS FÍSICAS,1338
2005/10,ADMINISTRACIONES PÚBLICAS,17919
2005/10,NO RESIDENTES,122777
2005/10,TOTAL,249697
2005/11,ENTIDADES DE CREDITO,63662
2005/11,BANCO DE ESPAÑA,6568
2005/11,ENTIDADES DE SEGUROS,16312
2005/11,FONDOS DE PENSIONES,4406
2005/11,FONDOS DE INVERSION,6107
2005/11,OTRAS INSTITUCIONES FINANCIERAS,2518
2005/11,EMPRESAS NO FINANCIERAS,8477
2005/11,PERSONAS FÍSICAS,1820
2005/11,ADMINISTRACIONES PÚBLICAS,18304
2005/11,NO RESIDENTES,124072
2005/11,TOTAL,252247
2005/12,ENTIDADES DE CREDITO,62076
2005/12,BANCO DE ESPAÑA,6817
2005/12,ENTIDADES DE SEGUROS,16550
2005/12,FONDOS DE PENSIONES,4349
2005/12,FONDOS DE INVERSION,6142
2005/12,OTRAS INSTITUCIONES FINANCIERAS,2575
2005/12,EMPRESAS NO FINANCIERAS,8360
2005/12,PERSONAS FÍSICAS,1822
2005/12,ADMINISTRACIONES PÚBLICAS,18315
2005/12,NO RESIDENTES,126124
2005/12,TOTAL,253130
2006/01,ENTIDADES DE CREDITO,57624
2006/01,BANCO DE ESPAÑA,5759
2006/01,ENTIDADES DE SEGUROS,15939
2006/01,FONDOS DE PENSIONES,4054
2006/01,FONDOS DE INVERSION,5895
2006/01,OTRAS INSTITUCIONES FINANCIERAS,2531
2006/01,EMPRESAS NO FINANCIERAS,8115
2006/01,PERSONAS FÍSICAS,1696
2006/01,ADMINISTRACIONES PÚBLICAS,17296
2006/01,NO RESIDENTES,127259
2006/01,TOTAL,246168
2006/02,ENTIDADES DE CREDITO,57373
2006/02,BANCO DE ESPAÑA,6059
2006/02,ENTIDADES DE SEGUROS,16227
2006/02,FONDOS DE PENSIONES,4192
2006/02,FONDOS DE INVERSION,6035
2006/02,OTRAS INSTITUCIONES FINANCIERAS,2922
2006/02,EMPRESAS NO FINANCIERAS,8061
2006/02,PERSONAS FÍSICAS,1715
2006/02,ADMINISTRACIONES PÚBLICAS,17304
2006/02,NO RESIDENTES,129452
2006/02,TOTAL,249340
2006/03,ENTIDADES DE CREDITO,58683
2006/03,BANCO DE ESPAÑA,6059
2006/03,ENTIDADES DE SEGUROS,16347
2006/03,FONDOS DE PENSIONES,3933
2006/03,FONDOS DE INVERSION,5786
2006/03,OTRAS INSTITUCIONES FINANCIERAS,2957
2006/03,EMPRESAS NO FINANCIERAS,8246
2006/03,PERSONAS FÍSICAS,1726
2006/03,ADMINISTRACIONES PÚBLICAS,18225
2006/03,NO RESIDENTES,129693
2006/03,TOTAL,251656
2006/04,ENTIDADES DE CREDITO,57587
2006/04,BANCO DE ESPAÑA,6302
2006/04,ENTIDADES DE SEGUROS,16466
2006/04,FONDOS DE PENSIONES,3891
2006/04,FONDOS DE INVERSION,5742
2006/04,OTRAS INSTITUCIONES FINANCIERAS,2924
2006/04,EMPRESAS NO FINANCIERAS,8323
2006/04,PERSONAS FÍSICAS,1765
2006/04,ADMINISTRACIONES PÚBLICAS,18211
2006/04,NO RESIDENTES,131447
2006/04,TOTAL,252657
2006/05,ENTIDADES DE CREDITO,55742
2006/05,BANCO DE ESPAÑA,6025
2006/05,ENTIDADES DE SEGUROS,16185
2006/05,FONDOS DE PENSIONES,3942
2006/05,FONDOS DE INVERSION,5466
2006/05,OTRAS INSTITUCIONES FINANCIERAS,2947
2006/05,EMPRESAS NO FINANCIERAS,8414
2006/05,PERSONAS FÍSICAS,1662
2006/05,ADMINISTRACIONES PÚBLICAS,18194
2006/05,NO RESIDENTES,129775
2006/05,TOTAL,248351
2006/06,ENTIDADES DE CREDITO,54349
2006/06,BANCO DE ESPAÑA,7885
2006/06,ENTIDADES DE SEGUROS,16128
2006/06,FONDOS DE PENSIONES,4086
2006/06,FONDOS DE INVERSION,5888
2006/06,OTRAS INSTITUCIONES FINANCIERAS,2928
2006/06,EMPRESAS NO FINANCIERAS,8483
2006/06,PERSONAS FÍSICAS,1697
2006/06,ADMINISTRACIONES PÚBLICAS,18222
2006/06,NO RESIDENTES,130082
2006/06,TOTAL,249748
2006/07,ENTIDADES DE CREDITO,60230
2006/07,BANCO DE ESPAÑA,3689
2006/07,ENTIDADES DE SEGUROS,16072
2006/07,FONDOS DE PENSIONES,4229
2006/07,FONDOS DE INVERSION,5776
2006/07,OTRAS INSTITUCIONES FINANCIERAS,2931
2006/07,EMPRESAS NO FINANCIERAS,8658
2006/07,PERSONAS FÍSICAS,1707
2006/07,ADMINISTRACIONES PÚBLICAS,18346
2006/07,NO RESIDENTES,130884
2006/07,TOTAL,252523
2006/08,ENTIDADES DE CREDITO,56402
2006/08,BANCO DE ESPAÑA,6476
2006/08,ENTIDADES DE SEGUROS,15986
2006/08,FONDOS DE PENSIONES,4751
2006/08,FONDOS DE INVERSION,6020
2006/08,OTRAS INSTITUCIONES FINANCIERAS,2810
2006/08,EMPRESAS NO FINANCIERAS,8652
2006/08,PERSONAS FÍSICAS,1703
2006/08,ADMINISTRACIONES PÚBLICAS,18903
2006/08,NO RESIDENTES,130744
2006/08,TOTAL,252446
2006/09,ENTIDADES DE CREDITO,56215
2006/09,BANCO DE ESPAÑA,6553
2006/09,ENTIDADES DE SEGUROS,16039
2006/09,FONDOS DE PENSIONES,4843
2006/09,FONDOS DE INVERSION,6118
2006/09,OTRAS INSTITUCIONES FINANCIERAS,2845
2006/09,EMPRESAS NO FINANCIERAS,8723
2006/09,PERSONAS FÍSICAS,1779
2006/09,ADMINISTRACIONES PÚBLICAS,18903
2006/09,NO RESIDENTES,132711
2006/09,TOTAL,254729
2006/10,ENTIDADES DE CREDITO,55488
2006/10,BANCO DE ESPAÑA,5638
2006/10,ENTIDADES DE SEGUROS,15466
2006/10,FONDOS DE PENSIONES,4568
2006/10,FONDOS DE INVERSION,5970
2006/10,OTRAS INSTITUCIONES FINANCIERAS,2852
2006/10,EMPRESAS NO FINANCIERAS,8610
2006/10,PERSONAS FÍSICAS,1678
2006/10,ADMINISTRACIONES PÚBLICAS,17774
2006/10,NO RESIDENTES,131082
2006/10,TOTAL,249125
2006/11,ENTIDADES DE CREDITO,52212
2006/11,BANCO DE ESPAÑA,6029
2006/11,ENTIDADES DE SEGUROS,15510
2006/11,FONDOS DE PENSIONES,4618
2006/11,FONDOS DE INVERSION,5914
2006/11,OTRAS INSTITUCIONES FINANCIERAS,2878
2006/11,EMPRESAS NO FINANCIERAS,8516
2006/11,PERSONAS FÍSICAS,1743
2006/11,ADMINISTRACIONES PÚBLICAS,18273
2006/11,NO RESIDENTES,134635
2006/11,TOTAL,250327
2006/12,ENTIDADES DE CREDITO,52782
2006/12,BANCO DE ESPAÑA,6329
2006/12,ENTIDADES DE SEGUROS,15875
2006/12,FONDOS DE PENSIONES,5039
2006/12,FONDOS DE INVERSION,6063
2006/12,OTRAS INSTITUCIONES FINANCIERAS,2821
2006/12,EMPRESAS NO FINANCIERAS,8789
2006/12,PERSONAS FÍSICAS,1757
2006/12,ADMINISTRACIONES PÚBLICAS,18285
2006/12,NO RESIDENTES,133674
2006/12,TOTAL,251414
2007/01,ENTIDADES DE CREDITO,54771
2007/01,BANCO DE ESPAÑA,6652
2007/01,ENTIDADES DE SEGUROS,16075
2007/01,FONDOS DE PENSIONES,5395
2007/01,FONDOS DE INVERSION,6446
2007/01,OTRAS INSTITUCIONES FINANCIERAS,2809
2007/01,EMPRESAS NO FINANCIERAS,8915
2007/01,PERSONAS FÍSICAS,1784
2007/01,ADMINISTRACIONES PÚBLICAS,18285
2007/01,NO RESIDENTES,135107
2007/01,TOTAL,256239
2007/02,ENTIDADES DE CREDITO,58643
2007/02,BANCO DE ESPAÑA,6537
2007/02,ENTIDADES DE SEGUROS,16559
2007/02,FONDOS DE PENSIONES,5610
2007/02,FONDOS DE INVERSION,6546
2007/02,OTRAS INSTITUCIONES FINANCIERAS,3187
2007/02,EMPRESAS NO FINANCIERAS,9068
2007/02,PERSONAS FÍSICAS,1796
2007/02,ADMINISTRACIONES PÚBLICAS,18285
2007/02,NO RESIDENTES,132576
2007/02,TOTAL,258808
2007/03,ENTIDADES DE CREDITO,50902
2007/03,BANCO DE ESPAÑA,7027
2007/03,ENTIDADES DE SEGUROS,16432
2007/03,FONDOS DE PENSIONES,5880
2007/03,FONDOS DE INVERSION,6302
2007/03,OTRAS INSTITUCIONES FINANCIERAS,3326
2007/03,EMPRESAS NO FINANCIERAS,8761
2007/03,PERSONAS FÍSICAS,1747
2007/03,ADMINISTRACIONES PÚBLICAS,20280
2007/03,NO RESIDENTES,141315
2007/03,TOTAL,261973
2007/04,ENTIDADES DE CREDITO,47632
2007/04,BANCO DE ESPAÑA,6999
2007/04,ENTIDADES DE SEGUROS,16268
2007/04,FONDOS DE PENSIONES,6131
2007/04,FONDOS DE INVERSION,6292
2007/04,OTRAS INSTITUCIONES FINANCIERAS,3470
2007/04,EMPRESAS NO FINANCIERAS,8753
2007/04,PERSONAS FÍSICAS,1787
2007/04,ADMINISTRACIONES PÚBLICAS,19932
2007/04,NO RESIDENTES,141045
2007/04,TOTAL,258307
2007/05,ENTIDADES DE CREDITO,52990
2007/05,BANCO DE ESPAÑA,7176
2007/05,ENTIDADES DE SEGUROS,16270
2007/05,FONDOS DE PENSIONES,5896
2007/05,FONDOS DE INVERSION,6079
2007/05,OTRAS INSTITUCIONES FINANCIERAS,3437
2007/05,EMPRESAS NO FINANCIERAS,8789
2007/05,PERSONAS FÍSICAS,1797
2007/05,ADMINISTRACIONES PÚBLICAS,19933
2007/05,NO RESIDENTES,135878
2007/05,TOTAL,258244
2007/06,ENTIDADES DE CREDITO,56568
2007/06,BANCO DE ESPAÑA,7498
2007/06,ENTIDADES DE SEGUROS,16377
2007/06,FONDOS DE PENSIONES,5760
2007/06,FONDOS DE INVERSION,6082
2007/06,OTRAS INSTITUCIONES FINANCIERAS,3538
2007/06,EMPRESAS NO FINANCIERAS,8756
2007/06,PERSONAS FÍSICAS,2249
2007/06,ADMINISTRACIONES PÚBLICAS,20032
2007/06,NO RESIDENTES,136674
2007/06,TOTAL,263534
2007/07,ENTIDADES DE CREDITO,53839
2007/07,BANCO DE ESPAÑA,6728
2007/07,ENTIDADES DE SEGUROS,16219
2007/07,FONDOS DE PENSIONES,5715
2007/07,FONDOS DE INVERSION,5631
2007/07,OTRAS INSTITUCIONES FINANCIERAS,3773
2007/07,EMPRESAS NO FINANCIERAS,8259
2007/07,PERSONAS FÍSICAS,2488
2007/07,ADMINISTRACIONES PÚBLICAS,20020
2007/07,NO RESIDENTES,130246
2007/07,TOTAL,252919
2007/08,ENTIDADES DE CREDITO,52682
2007/08,BANCO DE ESPAÑA,6966
2007/08,ENTIDADES DE SEGUROS,15951
2007/08,FONDOS DE PENSIONES,6031
2007/08,FONDOS DE INVERSION,5781
2007/08,OTRAS INSTITUCIONES FINANCIERAS,3745
2007/08,EMPRESAS NO FINANCIERAS,8124
2007/08,PERSONAS FÍSICAS,2046
2007/08,ADMINISTRACIONES PÚBLICAS,22061
2007/08,NO RESIDENTES,129526
2007/08,TOTAL,252914
2007/09,ENTIDADES DE CREDITO,52690
2007/09,BANCO DE ESPAÑA,7056
2007/09,ENTIDADES DE SEGUROS,16209
2007/09,FONDOS DE PENSIONES,5810
2007/09,FONDOS DE INVERSION,5629
2007/09,OTRAS INSTITUCIONES FINANCIERAS,4009
2007/09,EMPRESAS NO FINANCIERAS,7330
2007/09,PERSONAS FÍSICAS,2051
2007/09,ADMINISTRACIONES PÚBLICAS,22183
2007/09,NO RESIDENTES,132887
2007/09,TOTAL,255852
2007/10,ENTIDADES DE CREDITO,50595
2007/10,BANCO DE ESPAÑA,6156
2007/10,ENTIDADES DE SEGUROS,15341
2007/10,FONDOS DE PENSIONES,5231
2007/10,FONDOS DE INVERSION,4972
2007/10,OTRAS INSTITUCIONES FINANCIERAS,3784
2007/10,EMPRESAS NO FINANCIERAS,7072
2007/10,PERSONAS FÍSICAS,1907
2007/10,ADMINISTRACIONES PÚBLICAS,21049
2007/10,NO RESIDENTES,127785
2007/10,TOTAL,243892
2007/11,ENTIDADES DE CREDITO,52109
2007/11,BANCO DE ESPAÑA,6602
2007/11,ENTIDADES DE SEGUROS,15237
2007/11,FONDOS DE PENSIONES,5322
2007/11,FONDOS DE INVERSION,4960
2007/11,OTRAS INSTITUCIONES FINANCIERAS,3753
2007/11,EMPRESAS NO FINANCIERAS,6969
2007/11,PERSONAS FÍSICAS,1823
2007/11,ADMINISTRACIONES PÚBLICAS,21049
2007/11,NO RESIDENTES,127777
2007/11,TOTAL,245603
2007/12,ENTIDADES DE CREDITO,55902
2007/12,BANCO DE ESPAÑA,7395
2007/12,ENTIDADES DE SEGUROS,15734
2007/12,FONDOS DE PENSIONES,5313
2007/12,FONDOS DE INVERSION,5017
2007/12,OTRAS INSTITUCIONES FINANCIERAS,3831
2007/12,EMPRESAS NO FINANCIERAS,7033
2007/12,PERSONAS FÍSICAS,1878
2007/12,ADMINISTRACIONES PÚBLICAS,21906
2007/12,NO RESIDENTES,122992
2007/12,TOTAL,247001
2008/01,ENTIDADES DE CREDITO,51473
2008/01,BANCO DE ESPAÑA,7065
2008/01,ENTIDADES DE SEGUROS,14903
2008/01,FONDOS DE PENSIONES,5169
2008/01,FONDOS DE INVERSION,4138
2008/01,OTRAS INSTITUCIONES FINANCIERAS,3976
2008/01,EMPRESAS NO FINANCIERAS,6964
2008/01,PERSONAS FÍSICAS,1626
2008/01,ADMINISTRACIONES PÚBLICAS,20831
2008/01,NO RESIDENTES,122594
2008/01,TOTAL,238740
2008/02,ENTIDADES DE CREDITO,52424
2008/02,BANCO DE ESPAÑA,7901
2008/02,ENTIDADES DE SEGUROS,14600
2008/02,FONDOS DE PENSIONES,5402
2008/02,FONDOS DE INVERSION,4027
2008/02,OTRAS INSTITUCIONES FINANCIERAS,4734
2008/02,EMPRESAS NO FINANCIERAS,7158
2008/02,PERSONAS FÍSICAS,1670
2008/02,ADMINISTRACIONES PÚBLICAS,20831
2008/02,NO RESIDENTES,124953
2008/02,TOTAL,243701
2008/03,ENTIDADES DE CREDITO,50855
2008/03,BANCO DE ESPAÑA,8697
2008/03,ENTIDADES DE SEGUROS,14214
2008/03,FONDOS DE PENSIONES,5433
2008/03,FONDOS DE INVERSION,3925
2008/03,OTRAS INSTITUCIONES FINANCIERAS,4795
2008/03,EMPRESAS NO FINANCIERAS,7035
2008/03,PERSONAS FÍSICAS,1667
2008/03,ADMINISTRACIONES PÚBLICAS,24537
2008/03,NO RESIDENTES,122585
2008/03,TOTAL,243743
2008/04,ENTIDADES DE CREDITO,49620
2008/04,BANCO DE ESPAÑA,9501
2008/04,ENTIDADES DE SEGUROS,13865
2008/04,FONDOS DE PENSIONES,5656
2008/04,FONDOS DE INVERSION,3868
2008/04,OTRAS INSTITUCIONES FINANCIERAS,5332
2008/04,EMPRESAS NO FINANCIERAS,7009
2008/04,PERSONAS FÍSICAS,1665
2008/04,ADMINISTRACIONES PÚBLICAS,24608
2008/04,NO RESIDENTES,125531
2008/04,TOTAL,246655
2008/05,ENTIDADES DE CREDITO,51987
2008/05,BANCO DE ESPAÑA,10292
2008/05,ENTIDADES DE SEGUROS,13710
2008/05,FONDOS DE PENSIONES,5521
2008/05,FONDOS DE INVERSION,3854
2008/05,OTRAS INSTITUCIONES FINANCIERAS,5244
2008/05,EMPRESAS NO FINANCIERAS,6986
2008/05,PERSONAS FÍSICAS,1669
2008/05,ADMINISTRACIONES PÚBLICAS,24701
2008/05,NO RESIDENTES,127001
2008/05,TOTAL,250966
2008/06,ENTIDADES DE CREDITO,52960
2008/06,BANCO DE ESPAÑA,10497
2008/06,ENTIDADES DE SEGUROS,13718
2008/06,FONDOS DE PENSIONES,5286
2008/06,FONDOS DE INVERSION,3862
2008/06,OTRAS INSTITUCIONES FINANCIERAS,5239
2008/06,EMPRESAS NO FINANCIERAS,7001
2008/06,PERSONAS FÍSICAS,1660
2008/06,ADMINISTRACIONES PÚBLICAS,25558
2008/06,NO RESIDENTES,127011
2008/06,TOTAL,252793
2008/07,ENTIDADES DE CREDITO,53614
2008/07,BANCO DE ESPAÑA,11041
2008/07,ENTIDADES DE SEGUROS,13725
2008/07,FONDOS DE PENSIONES,5209
2008/07,FONDOS DE INVERSION,3953
2008/07,OTRAS INSTITUCIONES FINANCIERAS,4943
2008/07,EMPRESAS NO FINANCIERAS,6951
2008/07,PERSONAS FÍSICAS,1717
2008/07,ADMINISTRACIONES PÚBLICAS,28345
2008/07,NO RESIDENTES,128728
2008/07,TOTAL,258226
2008/08,ENTIDADES DE CREDITO,51504
2008/08,BANCO DE ESPAÑA,11181
2008/08,ENTIDADES DE SEGUROS,13563
2008/08,FONDOS DE PENSIONES,5212
2008/08,FONDOS DE INVERSION,3956
2008/08,OTRAS INSTITUCIONES FINANCIERAS,4695
2008/08,EMPRESAS NO FINANCIERAS,6931
2008/08,PERSONAS FÍSICAS,1704
2008/08,ADMINISTRACIONES PÚBLICAS,29251
2008/08,NO RESIDENTES,130359
2008/08,TOTAL,258356
2008/09,ENTIDADES DE CREDITO,51643
2008/09,BANCO DE ESPAÑA,11200
2008/09,ENTIDADES DE SEGUROS,13848
2008/09,FONDOS DE PENSIONES,4857
2008/09,FONDOS DE INVERSION,3844
2008/09,OTRAS INSTITUCIONES FINANCIERAS,4880
2008/09,EMPRESAS NO FINANCIERAS,7184
2008/09,PERSONAS FÍSICAS,1606
2008/09,ADMINISTRACIONES PÚBLICAS,29330
2008/09,NO RESIDENTES,137050
2008/09,TOTAL,265441
2008/10,ENTIDADES DE CREDITO,51279
2008/10,BANCO DE ESPAÑA,10364
2008/10,ENTIDADES DE SEGUROS,13832
2008/10,FONDOS DE PENSIONES,4936
2008/10,FONDOS DE INVERSION,3394
2008/10,OTRAS INSTITUCIONES FINANCIERAS,4309
2008/10,EMPRESAS NO FINANCIERAS,6779
2008/10,PERSONAS FÍSICAS,1543
2008/10,ADMINISTRACIONES PÚBLICAS,28161
2008/10,NO RESIDENTES,134313
2008/10,TOTAL,258910
2008/11,ENTIDADES DE CREDITO,58754
2008/11,BANCO DE ESPAÑA,11770
2008/11,ENTIDADES DE SEGUROS,13604
2008/11,FONDOS DE PENSIONES,3939
2008/11,FONDOS DE INVERSION,3395
2008/11,OTRAS INSTITUCIONES FINANCIERAS,4446
2008/11,EMPRESAS NO FINANCIERAS,6745
2008/11,PERSONAS FÍSICAS,1548
2008/11,ADMINISTRACIONES PÚBLICAS,28357
2008/11,NO RESIDENTES,138160
2008/11,TOTAL,270718
2008/12,ENTIDADES DE CREDITO,65191
2008/12,BANCO DE ESPAÑA,11937
2008/12,ENTIDADES DE SEGUROS,13138
2008/12,FONDOS DE PENSIONES,4037
2008/12,FONDOS DE INVERSION,3793
2008/12,OTRAS INSTITUCIONES FINANCIERAS,4443
2008/12,EMPRESAS NO FINANCIERAS,7029
2008/12,PERSONAS FÍSICAS,1518
2008/12,ADMINISTRACIONES PÚBLICAS,30289
2008/12,NO RESIDENTES,138543
2008/12,TOTAL,279918
2009/01,ENTIDADES DE CREDITO,67069
2009/01,BANCO DE ESPAÑA,10968
2009/01,ENTIDADES DE SEGUROS,13593
2009/01,FONDOS DE PENSIONES,4965
2009/01,FONDOS DE INVERSION,4558
2009/01,OTRAS INSTITUCIONES FINANCIERAS,4443
2009/01,EMPRESAS NO FINANCIERAS,7024
2009/01,PERSONAS FÍSICAS,1521
2009/01,ADMINISTRACIONES PÚBLICAS,31389
2009/01,NO RESIDENTES,143346
2009/01,TOTAL,288877
2009/02,ENTIDADES DE CREDITO,71198
2009/02,BANCO DE ESPAÑA,11378
2009/02,ENTIDADES DE SEGUROS,13816
2009/02,FONDOS DE PENSIONES,5624
2009/02,FONDOS DE INVERSION,3905
2009/02,OTRAS INSTITUCIONES FINANCIERAS,3944
2009/02,EMPRESAS NO FINANCIERAS,6996
2009/02,PERSONAS FÍSICAS,1430
2009/02,ADMINISTRACIONES PÚBLICAS,31256
2009/02,NO RESIDENTES,143352
2009/02,TOTAL,292898
2009/03,ENTIDADES DE CREDITO,73927
2009/03,BANCO DE ESPAÑA,11859
2009/03,ENTIDADES DE SEGUROS,13154
2009/03,FONDOS DE PENSIONES,5865
2009/03,FONDOS DE INVERSION,3926
2009/03,OTRAS INSTITUCIONES FINANCIERAS,4213
2009/03,EMPRESAS NO FINANCIERAS,7076
2009/03,PERSONAS FÍSICAS,1474
2009/03,ADMINISTRACIONES PÚBLICAS,32417
2009/03,NO RESIDENTES,143649
2009/03,TOTAL,297559
2009/04,ENTIDADES DE CREDITO,79158
2009/04,BANCO DE ESPAÑA,12062
2009/04,ENTIDADES DE SEGUROS,13562
2009/04,FONDOS DE PENSIONES,6039
2009/04,FONDOS DE INVERSION,3962
2009/04,OTRAS INSTITUCIONES FINANCIERAS,3832
2009/04,EMPRESAS NO FINANCIERAS,7203
2009/04,PERSONAS FÍSICAS,1537
2009/04,ADMINISTRACIONES PÚBLICAS,35807
2009/04,NO RESIDENTES,145242
2009/04,TOTAL,308405
2009/05,ENTIDADES DE CREDITO,80651
2009/05,BANCO DE ESPAÑA,12062
2009/05,ENTIDADES DE SEGUROS,13558
2009/05,FONDOS DE PENSIONES,6249
2009/05,FONDOS DE INVERSION,4002
2009/05,OTRAS INSTITUCIONES FINANCIERAS,3874
2009/05,EMPRESAS NO FINANCIERAS,7414
2009/05,PERSONAS FÍSICAS,1602
2009/05,ADMINISTRACIONES PÚBLICAS,38507
2009/05,NO RESIDENTES,147080
2009/05,TOTAL,315000
2009/06,ENTIDADES DE CREDITO,85876
2009/06,BANCO DE ESPAÑA,12407
2009/06,ENTIDADES DE SEGUROS,14511
2009/06,FONDOS DE PENSIONES,6116
2009/06,FONDOS DE INVERSION,4150
2009/06,OTRAS INSTITUCIONES FINANCIERAS,4252
2009/06,EMPRESAS NO FINANCIERAS,7548
2009/06,PERSONAS FÍSICAS,1654
2009/06,ADMINISTRACIONES PÚBLICAS,38695
2009/06,NO RESIDENTES,150255
2009/06,TOTAL,325463
2009/07,ENTIDADES DE CREDITO,83083
2009/07,BANCO DE ESPAÑA,12686
2009/07,ENTIDADES DE SEGUROS,14565
2009/07,FONDOS DE PENSIONES,5874
2009/07,FONDOS DE INVERSION,5174
2009/07,OTRAS INSTITUCIONES FINANCIERAS,4044
2009/07,EMPRESAS NO FINANCIERAS,7844
2009/07,PERSONAS FÍSICAS,1726
2009/07,ADMINISTRACIONES PÚBLICAS,39607
2009/07,NO RESIDENTES,149923
2009/07,TOTAL,324527
2009/08,ENTIDADES DE CREDITO,84066
2009/08,BANCO DE ESPAÑA,12995
2009/08,ENTIDADES DE SEGUROS,14660
2009/08,FONDOS DE PENSIONES,6055
2009/08,FONDOS DE INVERSION,5575
2009/08,OTRAS INSTITUCIONES FINANCIERAS,4210
2009/08,EMPRESAS NO FINANCIERAS,7892
2009/08,PERSONAS FÍSICAS,1715
2009/08,ADMINISTRACIONES PÚBLICAS,41802
2009/08,NO RESIDENTES,148341
2009/08,TOTAL,327309
2009/09,ENTIDADES DE CREDITO,89380
2009/09,BANCO DE ESPAÑA,12995
2009/09,ENTIDADES DE SEGUROS,15421
2009/09,FONDOS DE PENSIONES,6174
2009/09,FONDOS DE INVERSION,6026
2009/09,OTRAS INSTITUCIONES FINANCIERAS,3918
2009/09,EMPRESAS NO FINANCIERAS,7979
2009/09,PERSONAS FÍSICAS,1747
2009/09,ADMINISTRACIONES PÚBLICAS,42266
2009/09,NO RESIDENTES,153268
2009/09,TOTAL,339174
2009/10,ENTIDADES DE CREDITO,94116
2009/10,BANCO DE ESPAÑA,13305
2009/10,ENTIDADES DE SEGUROS,15559
2009/10,FONDOS DE PENSIONES,6112
2009/10,FONDOS DE INVERSION,6562
2009/10,OTRAS INSTITUCIONES FINANCIERAS,3924
2009/10,EMPRESAS NO FINANCIERAS,8231
2009/10,PERSONAS FÍSICAS,1765
2009/10,ADMINISTRACIONES PÚBLICAS,42272
2009/10,NO RESIDENTES,156325
2009/10,TOTAL,348171
2009/11,ENTIDADES DE CREDITO,98220
2009/11,BANCO DE ESPAÑA,14066
2009/11,ENTIDADES DE SEGUROS,15867
2009/11,FONDOS DE PENSIONES,6178
2009/11,FONDOS DE INVERSION,6935
2009/11,OTRAS INSTITUCIONES FINANCIERAS,3390
2009/11,EMPRESAS NO FINANCIERAS,8231
2009/11,PERSONAS FÍSICAS,1753
2009/11,ADMINISTRACIONES PÚBLICAS,42414
2009/11,NO RESIDENTES,159963
2009/11,TOTAL,357017
2009/12,ENTIDADES DE CREDITO,103085
2009/12,BANCO DE ESPAÑA,14142
2009/12,ENTIDADES DE SEGUROS,16133
2009/12,FONDOS DE PENSIONES,6087
2009/12,FONDOS DE INVERSION,7846
2009/12,OTRAS INSTITUCIONES FINANCIERAS,3397
2009/12,EMPRESAS NO FINANCIERAS,8361
2009/12,PERSONAS FÍSICAS,1795
2009/12,ADMINISTRACIONES PÚBLICAS,42421
2009/12,NO RESIDENTES,159313
2009/12,TOTAL,362579
2010/01,ENTIDADES DE CREDITO,102495
2010/01,BANCO DE ESPAÑA,14253
2010/01,ENTIDADES DE SEGUROS,17120
2010/01,FONDOS DE PENSIONES,5918
2010/01,FONDOS DE INVERSION,8223
2010/01,OTRAS INSTITUCIONES FINANCIERAS,3299
2010/01,EMPRESAS NO FINANCIERAS,8290
2010/01,PERSONAS FÍSICAS,1797
2010/01,ADMINISTRACIONES PÚBLICAS,42421
2010/01,NO RESIDENTES,168206
2010/01,TOTAL,372021
2010/02,ENTIDADES DE CREDITO,99999
2010/02,BANCO DE ESPAÑA,14939
2010/02,ENTIDADES DE SEGUROS,17737
2010/02,FONDOS DE PENSIONES,5878
2010/02,FONDOS DE INVERSION,8540
2010/02,OTRAS INSTITUCIONES FINANCIERAS,3017
2010/02,EMPRESAS NO FINANCIERAS,8599
2010/02,PERSONAS FÍSICAS,1606
2010/02,ADMINISTRACIONES PÚBLICAS,44410
2010/02,NO RESIDENTES,159663
2010/02,TOTAL,364388
2010/03,ENTIDADES DE CREDITO,104648
2010/03,BANCO DE ESPAÑA,15214
2010/03,ENTIDADES DE SEGUROS,18688
2010/03,FONDOS DE PENSIONES,5812
2010/03,FONDOS DE INVERSION,9390
2010/03,OTRAS INSTITUCIONES FINANCIERAS,2990
2010/03,EMPRESAS NO FINANCIERAS,8888
2010/03,PERSONAS FÍSICAS,1637
2010/03,ADMINISTRACIONES PÚBLICAS,45566
2010/03,NO RESIDENTES,162433
2010/03,TOTAL,375266
2010/04,ENTIDADES DE CREDITO,107693
2010/04,BANCO DE ESPAÑA,14915
2010/04,ENTIDADES DE SEGUROS,18792
2010/04,FONDOS DE PENSIONES,5949
2010/04,FONDOS DE INVERSION,10013
2010/04,OTRAS INSTITUCIONES FINANCIERAS,3004
2010/04,EMPRESAS NO FINANCIERAS,8799
2010/04,PERSONAS FÍSICAS,1670
2010/04,ADMINISTRACIONES PÚBLICAS,47867
2010/04,NO RESIDENTES,161797
2010/04,TOTAL,380498
2010/05,ENTIDADES DE CREDITO,109928
2010/05,BANCO DE ESPAÑA,15552
2010/05,ENTIDADES DE SEGUROS,19744
2010/05,FONDOS DE PENSIONES,6447
2010/05,FONDOS DE INVERSION,10415
2010/05,OTRAS INSTITUCIONES FINANCIERAS,3013
2010/05,EMPRESAS NO FINANCIERAS,8918
2010/05,PERSONAS FÍSICAS,1658
2010/05,ADMINISTRACIONES PÚBLICAS,48479
2010/05,NO RESIDENTES,162532
2010/05,TOTAL,386686
2010/06,ENTIDADES DE CREDITO,111442
2010/06,BANCO DE ESPAÑA,16116
2010/06,ENTIDADES DE SEGUROS,21268
2010/06,FONDOS DE PENSIONES,6922
2010/06,FONDOS DE INVERSION,10195
2010/06,OTRAS INSTITUCIONES FINANCIERAS,3071
2010/06,EMPRESAS NO FINANCIERAS,8846
2010/06,PERSONAS FÍSICAS,1717
2010/06,ADMINISTRACIONES PÚBLICAS,49735
2010/06,NO RESIDENTES,164879
2010/06,TOTAL,394190
2010/07,ENTIDADES DE CREDITO,104243
2010/07,BANCO DE ESPAÑA,16596
2010/07,ENTIDADES DE SEGUROS,22501
2010/07,FONDOS DE PENSIONES,7737
2010/07,FONDOS DE INVERSION,9955
2010/07,OTRAS INSTITUCIONES FINANCIERAS,2463
2010/07,EMPRESAS NO FINANCIERAS,8578
2010/07,PERSONAS FÍSICAS,1694
2010/07,ADMINISTRACIONES PÚBLICAS,49034
2010/07,NO RESIDENTES,167941
2010/07,TOTAL,390744
2010/08,ENTIDADES DE CREDITO,102770
2010/08,BANCO DE ESPAÑA,16926
2010/08,ENTIDADES DE SEGUROS,22649
2010/08,FONDOS DE PENSIONES,7769
2010/08,FONDOS DE INVERSION,10759
2010/08,OTRAS INSTITUCIONES FINANCIERAS,2405
2010/08,EMPRESAS NO FINANCIERAS,8655
2010/08,PERSONAS FÍSICAS,1732
2010/08,ADMINISTRACIONES PÚBLICAS,52240
2010/08,NO RESIDENTES,168211
2010/08,TOTAL,394116
2010/09,ENTIDADES DE CREDITO,106565
2010/09,BANCO DE ESPAÑA,16944
2010/09,ENTIDADES DE SEGUROS,23316
2010/09,FONDOS DE PENSIONES,7897
2010/09,FONDOS DE INVERSION,10797
2010/09,OTRAS INSTITUCIONES FINANCIERAS,2496
2010/09,EMPRESAS NO FINANCIERAS,8699
2010/09,PERSONAS FÍSICAS,1754
2010/09,ADMINISTRACIONES PÚBLICAS,52540
2010/09,NO RESIDENTES,169257
2010/09,TOTAL,400267
2010/10,ENTIDADES DE CREDITO,106501
2010/10,BANCO DE ESPAÑA,17355
2010/10,ENTIDADES DE SEGUROS,23862
2010/10,FONDOS DE PENSIONES,7716
2010/10,FONDOS DE INVERSION,10798
2010/10,OTRAS INSTITUCIONES FINANCIERAS,2516
2010/10,EMPRESAS NO FINANCIERAS,8790
2010/10,PERSONAS FÍSICAS,1759
2010/10,ADMINISTRACIONES PÚBLICAS,53083
2010/10,NO RESIDENTES,174305
2010/10,TOTAL,406686
2010/11,ENTIDADES DE CREDITO,101619
2010/11,BANCO DE ESPAÑA,17781
2010/11,ENTIDADES DE SEGUROS,24828
2010/11,FONDOS DE PENSIONES,7880
2010/11,FONDOS DE INVERSION,11659
2010/11,OTRAS INSTITUCIONES FINANCIERAS,1931
2010/11,EMPRESAS NO FINANCIERAS,9219
2010/11,PERSONAS FÍSICAS,1773
2010/11,ADMINISTRACIONES PÚBLICAS,54433
2010/11,NO RESIDENTES,181675
2010/11,TOTAL,412798
2010/12,ENTIDADES DE CREDITO,97750
2010/12,BANCO DE ESPAÑA,17863
2010/12,ENTIDADES DE SEGUROS,26189
2010/12,FONDOS DE PENSIONES,8062
2010/12,FONDOS DE INVERSION,13128
2010/12,OTRAS INSTITUCIONES FINANCIERAS,1961
2010/12,EMPRESAS NO FINANCIERAS,7899
2010/12,PERSONAS FÍSICAS,1824
2010/12,ADMINISTRACIONES PÚBLICAS,57247
2010/12,NO RESIDENTES,185688
2010/12,TOTAL,417611
2011/01,ENTIDADES DE CREDITO,111015
2011/01,BANCO DE ESPAÑA,18251
2011/01,ENTIDADES DE SEGUROS,28182
2011/01,FONDOS DE PENSIONES,8409
2011/01,FONDOS DE INVERSION,13139
2011/01,OTRAS INSTITUCIONES FINANCIERAS,1936
2011/01,EMPRESAS NO FINANCIERAS,9795
2011/01,PERSONAS FÍSICAS,1839
2011/01,ADMINISTRACIONES PÚBLICAS,55667
2011/01,NO RESIDENTES,177760
2011/01,TOTAL,425994
2011/02,ENTIDADES DE CREDITO,112912
2011/02,BANCO DE ESPAÑA,18115
2011/02,ENTIDADES DE SEGUROS,29593
2011/02,FONDOS DE PENSIONES,9051
2011/02,FONDOS DE INVERSION,13187
2011/02,OTRAS INSTITUCIONES FINANCIERAS,1965
2011/02,EMPRESAS NO FINANCIERAS,10090
2011/02,PERSONAS FÍSICAS,1877
2011/02,ADMINISTRACIONES PÚBLICAS,55970
2011/02,NO RESIDENTES,179433
2011/02,TOTAL,432192
2011/03,ENTIDADES DE CREDITO,113763
2011/03,BANCO DE ESPAÑA,18122
2011/03,ENTIDADES DE SEGUROS,30730
2011/03,FONDOS DE PENSIONES,9068
2011/03,FONDOS DE INVERSION,14994
2011/03,OTRAS INSTITUCIONES FINANCIERAS,1947
2011/03,EMPRESAS NO FINANCIERAS,10222
2011/03,PERSONAS FÍSICAS,1937
2011/03,ADMINISTRACIONES PÚBLICAS,57423
2011/03,NO RESIDENTES,185130
2011/03,TOTAL,443336
2011/04,ENTIDADES DE CREDITO,115675
2011/04,BANCO DE ESPAÑA,18045
2011/04,ENTIDADES DE SEGUROS,31584
2011/04,FONDOS DE PENSIONES,9252
2011/04,FONDOS DE INVERSION,14927
2011/04,OTRAS INSTITUCIONES FINANCIERAS,2041
2011/04,EMPRESAS NO FINANCIERAS,10239
2011/04,PERSONAS FÍSICAS,1967
2011/04,ADMINISTRACIONES PÚBLICAS,59133
2011/04,NO RESIDENTES,188422
2011/04,TOTAL,451285
2011/05,ENTIDADES DE CREDITO,116920
2011/05,BANCO DE ESPAÑA,17827
2011/05,ENTIDADES DE SEGUROS,32155
2011/05,FONDOS DE PENSIONES,9322
2011/05,FONDOS DE INVERSION,14890
2011/05,OTRAS INSTITUCIONES FINANCIERAS,1840
2011/05,EMPRESAS NO FINANCIERAS,8933
2011/05,PERSONAS FÍSICAS,1900
2011/05,ADMINISTRACIONES PÚBLICAS,60014
2011/05,NO RESIDENTES,178394
2011/05,TOTAL,442195
2011/06,ENTIDADES DE CREDITO,121826
2011/06,BANCO DE ESPAÑA,18361
2011/06,ENTIDADES DE SEGUROS,32439
2011/06,FONDOS DE PENSIONES,9493
2011/06,FONDOS DE INVERSION,15021
2011/06,OTRAS INSTITUCIONES FINANCIERAS,1821
2011/06,EMPRESAS NO FINANCIERAS,7655
2011/06,PERSONAS FÍSICAS,1884
2011/06,ADMINISTRACIONES PÚBLICAS,60013
2011/06,NO RESIDENTES,181286
2011/06,TOTAL,449798
2011/07,ENTIDADES DE CREDITO,123160
2011/07,BANCO DE ESPAÑA,18905
2011/07,ENTIDADES DE SEGUROS,34521
2011/07,FONDOS DE PENSIONES,10084
2011/07,FONDOS DE INVERSION,15851
2011/07,OTRAS INSTITUCIONES FINANCIERAS,1865
2011/07,EMPRESAS NO FINANCIERAS,8816
2011/07,PERSONAS FÍSICAS,1918
2011/07,ADMINISTRACIONES PÚBLICAS,60143
2011/07,NO RESIDENTES,180397
2011/07,TOTAL,455659
2011/08,ENTIDADES DE CREDITO,119856
2011/08,BANCO DE ESPAÑA,20705
2011/08,ENTIDADES DE SEGUROS,34496
2011/08,FONDOS DE PENSIONES,9814
2011/08,FONDOS DE INVERSION,15184
2011/08,OTRAS INSTITUCIONES FINANCIERAS,1796
2011/08,EMPRESAS NO FINANCIERAS,7783
2011/08,PERSONAS FÍSICAS,1950
2011/08,ADMINISTRACIONES PÚBLICAS,59365
2011/08,NO RESIDENTES,173504
2011/08,TOTAL,444452
2011/09,ENTIDADES DE CREDITO,120274
2011/09,BANCO DE ESPAÑA,22078
2011/09,ENTIDADES DE SEGUROS,34997
2011/09,FONDOS DE PENSIONES,9704
2011/09,FONDOS DE INVERSION,15228
2011/09,OTRAS INSTITUCIONES FINANCIERAS,1865
2011/09,EMPRESAS NO FINANCIERAS,7798
2011/09,PERSONAS FÍSICAS,3439
2011/09,ADMINISTRACIONES PÚBLICAS,60816
2011/09,NO RESIDENTES,175884
2011/09,TOTAL,452083
2011/10,ENTIDADES DE CREDITO,120489
2011/10,BANCO DE ESPAÑA,22656
2011/10,ENTIDADES DE SEGUROS,34956
2011/10,FONDOS DE PENSIONES,10003
2011/10,FONDOS DE INVERSION,14674
2011/10,OTRAS INSTITUCIONES FINANCIERAS,1782
2011/10,EMPRESAS NO FINANCIERAS,8048
2011/10,PERSONAS FÍSICAS,3071
2011/10,ADMINISTRACIONES PÚBLICAS,58293
2011/10,NO RESIDENTES,173214
2011/10,TOTAL,447187
2011/11,ENTIDADES DE CREDITO,121818
2011/11,BANCO DE ESPAÑA,24216
2011/11,ENTIDADES DE SEGUROS,35332
2011/11,FONDOS DE PENSIONES,10374
2011/11,FONDOS DE INVERSION,15593
2011/11,OTRAS INSTITUCIONES FINANCIERAS,1890
2011/11,EMPRESAS NO FINANCIERAS,8133
2011/11,PERSONAS FÍSICAS,3131
2011/11,ADMINISTRACIONES PÚBLICAS,58203
2011/11,NO RESIDENTES,176812
2011/11,TOTAL,455501
2011/12,ENTIDADES DE CREDITO,139395
2011/12,BANCO DE ESPAÑA,24670
2011/12,ENTIDADES DE SEGUROS,36995
2011/12,FONDOS DE PENSIONES,10628
2011/12,FONDOS DE INVERSION,15691
2011/12,OTRAS INSTITUCIONES FINANCIERAS,1372
2011/12,EMPRESAS NO FINANCIERAS,6927
2011/12,PERSONAS FÍSICAS,3034
2011/12,ADMINISTRACIONES PÚBLICAS,60609
2011/12,NO RESIDENTES,167598
2011/12,TOTAL,466920
2012/01,ENTIDADES DE CREDITO,159403
2012/01,BANCO DE ESPAÑA,25123
2012/01,ENTIDADES DE SEGUROS,37859
2012/01,FONDOS DE PENSIONES,10836
2012/01,FONDOS DE INVERSION,15754
2012/01,OTRAS INSTITUCIONES FINANCIERAS,1423
2012/01,EMPRESAS NO FINANCIERAS,8195
2012/01,PERSONAS FÍSICAS,2601
2012/01,ADMINISTRACIONES PÚBLICAS,60749
2012/01,NO RESIDENTES,161824
2012/01,TOTAL,483766
2012/02,ENTIDADES DE CREDITO,166747
2012/02,BANCO DE ESPAÑA,26033
2012/02,ENTIDADES DE SEGUROS,38457
2012/02,FONDOS DE PENSIONES,11140
2012/02,FONDOS DE INVERSION,15762
2012/02,OTRAS INSTITUCIONES FINANCIERAS,1239
2012/02,EMPRESAS NO FINANCIERAS,7258
2012/02,PERSONAS FÍSICAS,2509
2012/02,ADMINISTRACIONES PÚBLICAS,60982
2012/02,NO RESIDENTES,165081
2012/02,TOTAL,495207
2012/03,ENTIDADES DE CREDITO,177349
2012/03,BANCO DE ESPAÑA,26694
2012/03,ENTIDADES DE SEGUROS,39944
2012/03,FONDOS DE PENSIONES,11807
2012/03,FONDOS DE INVERSION,15738
2012/03,OTRAS INSTITUCIONES FINANCIERAS,1173
2012/03,EMPRESAS NO FINANCIERAS,7472
2012/03,PERSONAS FÍSICAS,2096
2012/03,ADMINISTRACIONES PÚBLICAS,61245
2012/03,NO RESIDENTES,158664
2012/03,TOTAL,502183
2012/04,ENTIDADES DE CREDITO,173905
2012/04,BANCO DE ESPAÑA,26919
2012/04,ENTIDADES DE SEGUROS,40415
2012/04,FONDOS DE PENSIONES,12183
2012/04,FONDOS DE INVERSION,15826
2012/04,OTRAS INSTITUCIONES FINANCIERAS,1109
2012/04,EMPRESAS NO FINANCIERAS,8016
2012/04,PERSONAS FÍSICAS,2032
2012/04,ADMINISTRACIONES PÚBLICAS,59435
2012/04,NO RESIDENTES,154950
2012/04,TOTAL,494791
2012/05,ENTIDADES DE CREDITO,171026
2012/05,BANCO DE ESPAÑA,26919
2012/05,ENTIDADES DE SEGUROS,40707
2012/05,FONDOS DE PENSIONES,12033
2012/05,FONDOS DE INVERSION,16543
2012/05,OTRAS INSTITUCIONES FINANCIERAS,1142
2012/05,EMPRESAS NO FINANCIERAS,9213
2012/05,PERSONAS FÍSICAS,2096
2012/05,ADMINISTRACIONES PÚBLICAS,58664
2012/05,NO RESIDENTES,161415
2012/05,TOTAL,499756
2012/06,ENTIDADES DE CREDITO,173553
2012/06,BANCO DE ESPAÑA,27712
2012/06,ENTIDADES DE SEGUROS,41301
2012/06,FONDOS DE PENSIONES,11760
2012/06,FONDOS DE INVERSION,16832
2012/06,OTRAS INSTITUCIONES FINANCIERAS,831
2012/06,EMPRESAS NO FINANCIERAS,9802
2012/06,PERSONAS FÍSICAS,2244
2012/06,ADMINISTRACIONES PÚBLICAS,57524
2012/06,NO RESIDENTES,162815
2012/06,TOTAL,504373
2012/07,ENTIDADES DE CREDITO,168813
2012/07,BANCO DE ESPAÑA,28829
2012/07,ENTIDADES DE SEGUROS,41626
2012/07,FONDOS DE PENSIONES,11218
2012/07,FONDOS DE INVERSION,16631
2012/07,OTRAS INSTITUCIONES FINANCIERAS,842
2012/07,EMPRESAS NO FINANCIERAS,11152
2012/07,PERSONAS FÍSICAS,2311
2012/07,ADMINISTRACIONES PÚBLICAS,54353
2012/07,NO RESIDENTES,161704
2012/07,TOTAL,497479
2012/08,ENTIDADES DE CREDITO,170559
2012/08,BANCO DE ESPAÑA,29433
2012/08,ENTIDADES DE SEGUROS,41226
2012/08,FONDOS DE PENSIONES,11174
2012/08,FONDOS DE INVERSION,17484
2012/08,OTRAS INSTITUCIONES FINANCIERAS,675
2012/08,EMPRESAS NO FINANCIERAS,9700
2012/08,PERSONAS FÍSICAS,2386
2012/08,ADMINISTRACIONES PÚBLICAS,55934
2012/08,NO RESIDENTES,162325
2012/08,TOTAL,500897
2012/09,ENTIDADES DE CREDITO,171754
2012/09,BANCO DE ESPAÑA,29970
2012/09,ENTIDADES DE SEGUROS,41494
2012/09,FONDOS DE PENSIONES,10994
2012/09,FONDOS DE INVERSION,16709
2012/09,OTRAS INSTITUCIONES FINANCIERAS,586
2012/09,EMPRESAS NO FINANCIERAS,9721
2012/09,PERSONAS FÍSICAS,2449
2012/09,ADMINISTRACIONES PÚBLICAS,59150
2012/09,NO RESIDENTES,171774
2012/09,TOTAL,514601
2012/10,ENTIDADES DE CREDITO,167759
2012/10,BANCO DE ESPAÑA,29690
2012/10,ENTIDADES DE SEGUROS,41537
2012/10,FONDOS DE PENSIONES,10326
2012/10,FONDOS DE INVERSION,15626
2012/10,OTRAS INSTITUCIONES FINANCIERAS,688
2012/10,EMPRESAS NO FINANCIERAS,10676
2012/10,PERSONAS FÍSICAS,2386
2012/10,ADMINISTRACIONES PÚBLICAS,56235
2012/10,NO RESIDENTES,174350
2012/10,TOTAL,509272
2012/11,ENTIDADES DE CREDITO,168562
2012/11,BANCO DE ESPAÑA,29615
2012/11,ENTIDADES DE SEGUROS,42376
2012/11,FONDOS DE PENSIONES,10458
2012/11,FONDOS DE INVERSION,15343
2012/11,OTRAS INSTITUCIONES FINANCIERAS,710
2012/11,EMPRESAS NO FINANCIERAS,10423
2012/11,PERSONAS FÍSICAS,2531
2012/11,ADMINISTRACIONES PÚBLICAS,60787
2012/11,NO RESIDENTES,180747
2012/11,TOTAL,521552
2012/12,ENTIDADES DE CREDITO,171038
2012/12,BANCO DE ESPAÑA,29625
2012/12,ENTIDADES DE SEGUROS,42522
2012/12,FONDOS DE PENSIONES,10392
2012/12,FONDOS DE INVERSION,15964
2012/12,OTRAS INSTITUCIONES FINANCIERAS,789
2012/12,EMPRESAS NO FINANCIERAS,10836
2012/12,PERSONAS FÍSICAS,2543
2012/12,ADMINISTRACIONES PÚBLICAS,61841
2012/12,NO RESIDENTES,184836
2012/12,TOTAL,530385
2013/01,ENTIDADES DE CREDITO,172509
2013/01,BANCO DE ESPAÑA,28604
2013/01,ENTIDADES DE SEGUROS,43048
2013/01,FONDOS DE PENSIONES,11141
2013/01,FONDOS DE INVERSION,14955
2013/01,OTRAS INSTITUCIONES FINANCIERAS,212
2013/01,EMPRESAS NO FINANCIERAS,11519
2013/01,PERSONAS FÍSICAS,2500
2013/01,ADMINISTRACIONES PÚBLICAS,59718
2013/01,NO RESIDENTES,190882
2013/01,TOTAL,535087
2013/02,ENTIDADES DE CREDITO,184451
2013/02,BANCO DE ESPAÑA,29135
2013/02,ENTIDADES DE SEGUROS,44648
2013/02,FONDOS DE PENSIONES,11553
2013/02,FONDOS DE INVERSION,15906
2013/02,OTRAS INSTITUCIONES FINANCIERAS,299
2013/02,EMPRESAS NO FINANCIERAS,10622
2013/02,PERSONAS FÍSICAS,2643
2013/02,ADMINISTRACIONES PÚBLICAS,59742
2013/02,NO RESIDENTES,185398
2013/02,TOTAL,544396
2013/03,ENTIDADES DE CREDITO,194921
2013/03,BANCO DE ESPAÑA,29135
2013/03,ENTIDADES DE SEGUROS,45354
2013/03,FONDOS DE PENSIONES,11407
2013/03,FONDOS DE INVERSION,16076
2013/03,OTRAS INSTITUCIONES FINANCIERAS,1243
2013/03,EMPRESAS NO FINANCIERAS,11086
2013/03,PERSONAS FÍSICAS,2717
2013/03,ADMINISTRACIONES PÚBLICAS,60787
2013/03,NO RESIDENTES,183266
2013/03,TOTAL,555991
2013/04,ENTIDADES DE CREDITO,191348
2013/04,BANCO DE ESPAÑA,28485
2013/04,ENTIDADES DE SEGUROS,45736
2013/04,FONDOS DE PENSIONES,11369
2013/04,FONDOS DE INVERSION,15990
2013/04,OTRAS INSTITUCIONES FINANCIERAS,892
2013/04,EMPRESAS NO FINANCIERAS,13298
2013/04,PERSONAS FÍSICAS,2706
2013/04,ADMINISTRACIONES PÚBLICAS,59955
2013/04,NO RESIDENTES,182098
2013/04,TOTAL,551876
2013/05,ENTIDADES DE CREDITO,196898
2013/05,BANCO DE ESPAÑA,28485
2013/05,ENTIDADES DE SEGUROS,47382
2013/05,FONDOS DE PENSIONES,11652
2013/05,FONDOS DE INVERSION,17328
2013/05,OTRAS INSTITUCIONES FINANCIERAS,867
2013/05,EMPRESAS NO FINANCIERAS,13148
2013/05,PERSONAS FÍSICAS,2769
2013/05,ADMINISTRACIONES PÚBLICAS,60306
2013/05,NO RESIDENTES,188604
2013/05,TOTAL,567437
2013/06,ENTIDADES DE CREDITO,210536
2013/06,BANCO DE ESPAÑA,28485
2013/06,ENTIDADES DE SEGUROS,48014
2013/06,FONDOS DE PENSIONES,12681
2013/06,FONDOS DE INVERSION,17717
2013/06,OTRAS INSTITUCIONES FINANCIERAS,1088
2013/06,EMPRESAS NO FINANCIERAS,13533
2013/06,PERSONAS FÍSICAS,2843
2013/06,ADMINISTRACIONES PÚBLICAS,60518
2013/06,NO RESIDENTES,179577
2013/06,TOTAL,574993
2013/07,ENTIDADES DE CREDITO,206625
2013/07,BANCO DE ESPAÑA,28504
2013/07,ENTIDADES DE SEGUROS,49039
2013/07,FONDOS DE PENSIONES,12534
2013/07,FONDOS DE INVERSION,18011
2013/07,OTRAS INSTITUCIONES FINANCIERAS,332
2013/07,EMPRESAS NO FINANCIERAS,13748
2013/07,PERSONAS FÍSICAS,2606
2013/07,ADMINISTRACIONES PÚBLICAS,58140
2013/07,NO RESIDENTES,181830
2013/07,TOTAL,571369
2013/08,ENTIDADES DE CREDITO,205694
2013/08,BANCO DE ESPAÑA,28983
2013/08,ENTIDADES DE SEGUROS,49846
2013/08,FONDOS DE PENSIONES,13036
2013/08,FONDOS DE INVERSION,18582
2013/08,OTRAS INSTITUCIONES FINANCIERAS,405
2013/08,EMPRESAS NO FINANCIERAS,14104
2013/08,PERSONAS FÍSICAS,2657
2013/08,ADMINISTRACIONES PÚBLICAS,58330
2013/08,NO RESIDENTES,183381
2013/08,TOTAL,575018
2013/09,ENTIDADES DE CREDITO,204614
2013/09,BANCO DE ESPAÑA,28983
2013/09,ENTIDADES DE SEGUROS,50652
2013/09,FONDOS DE PENSIONES,12895
2013/09,FONDOS DE INVERSION,18850
2013/09,OTRAS INSTITUCIONES FINANCIERAS,784
2013/09,EMPRESAS NO FINANCIERAS,13965
2013/09,PERSONAS FÍSICAS,2741
2013/09,ADMINISTRACIONES PÚBLICAS,58347
2013/09,NO RESIDENTES,191333
2013/09,TOTAL,583164
2013/10,ENTIDADES DE CREDITO,199188
2013/10,BANCO DE ESPAÑA,28918
2013/10,ENTIDADES DE SEGUROS,51216
2013/10,FONDOS DE PENSIONES,12992
2013/10,FONDOS DE INVERSION,18140
2013/10,OTRAS INSTITUCIONES FINANCIERAS,695
2013/10,EMPRESAS NO FINANCIERAS,14491
2013/10,PERSONAS FÍSICAS,2813
2013/10,ADMINISTRACIONES PÚBLICAS,56658
2013/10,NO RESIDENTES,192727
2013/10,TOTAL,577838
2013/11,ENTIDADES DE CREDITO,191442
2013/11,BANCO DE ESPAÑA,28918
2013/11,ENTIDADES DE SEGUROS,51728
2013/11,FONDOS DE PENSIONES,13048
2013/11,FONDOS DE INVERSION,21605
2013/11,OTRAS INSTITUCIONES FINANCIERAS,656
2013/11,EMPRESAS NO FINANCIERAS,14808
2013/11,PERSONAS FÍSICAS,2882
2013/11,ADMINISTRACIONES PÚBLICAS,55966
2013/11,NO RESIDENTES,205592
2013/11,TOTAL,586644
2013/12,ENTIDADES DE CREDITO,174846
2013/12,BANCO DE ESPAÑA,29461
2013/12,ENTIDADES DE SEGUROS,53542
2013/12,FONDOS DE PENSIONES,13691
2013/12,FONDOS DE INVERSION,23108
2013/12,OTRAS INSTITUCIONES FINANCIERAS,736
2013/12,EMPRESAS NO FINANCIERAS,15351
2013/12,PERSONAS FÍSICAS,2972
2013/12,ADMINISTRACIONES PÚBLICAS,56833
2013/12,NO RESIDENTES,221614
2013/12,TOTAL,592154
2014/01,ENTIDADES DE CREDITO,188559
2014/01,BANCO DE ESPAÑA,29098
2014/01,ENTIDADES DE SEGUROS,53637
2014/01,FONDOS DE PENSIONES,13441
2014/01,FONDOS DE INVERSION,22485
2014/01,OTRAS INSTITUCIONES FINANCIERAS,685
2014/01,EMPRESAS NO FINANCIERAS,14256
2014/01,PERSONAS FÍSICAS,2981
2014/01,ADMINISTRACIONES PÚBLICAS,54598
2014/01,NO RESIDENTES,220264
2014/01,TOTAL,600003
2014/02,ENTIDADES DE CREDITO,183313
2014/02,BANCO DE ESPAÑA,29098
2014/02,ENTIDADES DE SEGUROS,54124
2014/02,FONDOS DE PENSIONES,13674
2014/02,FONDOS DE INVERSION,24986
2014/02,OTRAS INSTITUCIONES FINANCIERAS,954
2014/02,EMPRESAS NO FINANCIERAS,14803
2014/02,PERSONAS FÍSICAS,3030
2014/02,ADMINISTRACIONES PÚBLICAS,54491
2014/02,NO RESIDENTES,233183
2014/02,TOTAL,611657
2014/03,ENTIDADES DE CREDITO,188332
2014/03,BANCO DE ESPAÑA,29098
2014/03,ENTIDADES DE SEGUROS,54903
2014/03,FONDOS DE PENSIONES,13767
2014/03,FONDOS DE INVERSION,25695
2014/03,OTRAS INSTITUCIONES FINANCIERAS,2817
2014/03,EMPRESAS NO FINANCIERAS,15066
2014/03,PERSONAS FÍSICAS,3022
2014/03,ADMINISTRACIONES PÚBLICAS,54592
2014/03,NO RESIDENTES,234493
2014/03,TOTAL,621785
2014/04,ENTIDADES DE CREDITO,191448
2014/04,BANCO DE ESPAÑA,28446
2014/04,ENTIDADES DE SEGUROS,54730
2014/04,FONDOS DE PENSIONES,14068
2014/04,FONDOS DE INVERSION,27097
2014/04,OTRAS INSTITUCIONES FINANCIERAS,2428
2014/04,EMPRESAS NO FINANCIERAS,15056
2014/04,PERSONAS FÍSICAS,2960
2014/04,ADMINISTRACIONES PÚBLICAS,53991
2014/04,NO RESIDENTES,228813
2014/04,TOTAL,619036
2014/05,ENTIDADES DE CREDITO,197295
2014/05,BANCO DE ESPAÑA,28446
2014/05,ENTIDADES DE SEGUROS,54339
2014/05,FONDOS DE PENSIONES,13355
2014/05,FONDOS DE INVERSION,27386
2014/05,OTRAS INSTITUCIONES FINANCIERAS,1971
2014/05,EMPRESAS NO FINANCIERAS,15629
2014/05,PERSONAS FÍSICAS,2973
2014/05,ADMINISTRACIONES PÚBLICAS,54393
2014/05,NO RESIDENTES,236335
2014/05,TOTAL,632123
2014/06,ENTIDADES DE CREDITO,197656
2014/06,BANCO DE ESPAÑA,28446
2014/06,ENTIDADES DE SEGUROS,54395
2014/06,FONDOS DE PENSIONES,13429
2014/06,FONDOS DE INVERSION,27045
2014/06,OTRAS INSTITUCIONES FINANCIERAS,1895
2014/06,EMPRESAS NO FINANCIERAS,15419
2014/06,PERSONAS FÍSICAS,2927
2014/06,ADMINISTRACIONES PÚBLICAS,54443
2014/06,NO RESIDENTES,250356
2014/06,TOTAL,646011
2014/07,ENTIDADES DE CREDITO,199851
2014/07,BANCO DE ESPAÑA,28569
2014/07,ENTIDADES DE SEGUROS,56456
2014/07,FONDOS DE PENSIONES,12768
2014/07,FONDOS DE INVERSION,27114
2014/07,OTRAS INSTITUCIONES FINANCIERAS,1805
2014/07,EMPRESAS NO FINANCIERAS,14448
2014/07,PERSONAS FÍSICAS,2786
2014/07,ADMINISTRACIONES PÚBLICAS,52713
2014/07,NO RESIDENTES,241304
2014/07,TOTAL,637814
2014/08,ENTIDADES DE CREDITO,203102
2014/08,BANCO DE ESPAÑA,28569
2014/08,ENTIDADES DE SEGUROS,56944
2014/08,FONDOS DE PENSIONES,12440
2014/08,FONDOS DE INVERSION,26243
2014/08,OTRAS INSTITUCIONES FINANCIERAS,1857
2014/08,EMPRESAS NO FINANCIERAS,14489
2014/08,PERSONAS FÍSICAS,2782
2014/08,ADMINISTRACIONES PÚBLICAS,52795
2014/08,NO RESIDENTES,241865
2014/08,TOTAL,641084
2014/09,ENTIDADES DE CREDITO,208741
2014/09,BANCO DE ESPAÑA,28569
2014/09,ENTIDADES DE SEGUROS,57033
2014/09,FONDOS DE PENSIONES,12317
2014/09,FONDOS DE INVERSION,25167
2014/09,OTRAS INSTITUCIONES FINANCIERAS,1827
2014/09,EMPRESAS NO FINANCIERAS,14352
2014/09,PERSONAS FÍSICAS,2767
2014/09,ADMINISTRACIONES PÚBLICAS,52519
2014/09,NO RESIDENTES,245662
2014/09,TOTAL,648954
2014/10,ENTIDADES DE CREDITO,211720
2014/10,BANCO DE ESPAÑA,28597
2014/10,ENTIDADES DE SEGUROS,57542
2014/10,FONDOS DE PENSIONES,12295
2014/10,FONDOS DE INVERSION,24927
2014/10,OTRAS INSTITUCIONES FINANCIERAS,1952
2014/10,EMPRESAS NO FINANCIERAS,14397
2014/10,PERSONAS FÍSICAS,2688
2014/10,ADMINISTRACIONES PÚBLICAS,48104
2014/10,NO RESIDENTES,237299
2014/10,TOTAL,639520
2014/11,ENTIDADES DE CREDITO,210779
2014/11,BANCO DE ESPAÑA,28982
2014/11,ENTIDADES DE SEGUROS,61847
2014/11,FONDOS DE PENSIONES,11478
2014/11,FONDOS DE INVERSION,23822
2014/11,OTRAS INSTITUCIONES FINANCIERAS,1970
2014/11,EMPRESAS NO FINANCIERAS,10493
2014/11,PERSONAS FÍSICAS,2705
2014/11,ADMINISTRACIONES PÚBLICAS,46042
2014/11,NO RESIDENTES,248832
2014/11,TOTAL,646950
2014/12,ENTIDADES DE CREDITO,205864
2014/12,BANCO DE ESPAÑA,29397
2014/12,ENTIDADES DE SEGUROS,63111
2014/12,FONDOS DE PENSIONES,11863
2014/12,FONDOS DE INVERSION,23730
2014/12,OTRAS INSTITUCIONES FINANCIERAS,1975
2014/12,EMPRESAS NO FINANCIERAS,10583
2014/12,PERSONAS FÍSICAS,2695
2014/12,ADMINISTRACIONES PÚBLICAS,45354
2014/12,NO RESIDENTES,258633
2014/12,TOTAL,653207
2015/01,ENTIDADES DE CREDITO,195078
2015/01,BANCO DE ESPAÑA,29397
2015/01,ENTIDADES DE SEGUROS,62565
2015/01,FONDOS DE PENSIONES,11931
2015/01,FONDOS DE INVERSION,23818
2015/01,OTRAS INSTITUCIONES FINANCIERAS,2163
2015/01,EMPRESAS NO FINANCIERAS,10958
2015/01,PERSONAS FÍSICAS,3541
2015/01,ADMINISTRACIONES PÚBLICAS,45065
2015/01,NO RESIDENTES,287887
2015/01,TOTAL,672404
2015/02,ENTIDADES DE CREDITO,192012
2015/02,BANCO DE ESPAÑA,29447
2015/02,ENTIDADES DE SEGUROS,61681
2015/02,FONDOS DE PENSIONES,12090
2015/02,FONDOS DE INVERSION,23746
2015/02,OTRAS INSTITUCIONES FINANCIERAS,872
2015/02,EMPRESAS NO FINANCIERAS,10920
2015/02,PERSONAS FÍSICAS,4274
2015/02,ADMINISTRACIONES PÚBLICAS,46795
2015/02,NO RESIDENTES,278583
2015/02,TOTAL,660420
2015/03,ENTIDADES DE CREDITO,192875
2015/03,BANCO DE ESPAÑA,33109
2015/03,ENTIDADES DE SEGUROS,61737
2015/03,FONDOS DE PENSIONES,12536
2015/03,FONDOS DE INVERSION,22743
2015/03,OTRAS INSTITUCIONES FINANCIERAS,1088
2015/03,EMPRESAS NO FINANCIERAS,9551
2015/03,PERSONAS FÍSICAS,4477
2015/03,ADMINISTRACIONES PÚBLICAS,46384
2015/03,NO RESIDENTES,283755
2015/03,TOTAL,668255
2015/04,ENTIDADES DE CREDITO,184801
2015/04,BANCO DE ESPAÑA,36353
2015/04,ENTIDADES DE SEGUROS,61457
2015/04,FONDOS DE PENSIONES,12595
2015/04,FONDOS DE INVERSION,21382
2015/04,OTRAS INSTITUCIONES FINANCIERAS,915
2015/04,EMPRESAS NO FINANCIERAS,9189
2015/04,PERSONAS FÍSICAS,4151
2015/04,ADMINISTRACIONES PÚBLICAS,45017
2015/04,NO RESIDENTES,283154
2015/04,TOTAL,659015
2015/05,ENTIDADES DE CREDITO,188183
2015/05,BANCO DE ESPAÑA,40673
2015/05,ENTIDADES DE SEGUROS,61333
2015/05,FONDOS DE PENSIONES,12541
2015/05,FONDOS DE INVERSION,20494
2015/05,OTRAS INSTITUCIONES FINANCIERAS,1157
2015/05,EMPRESAS NO FINANCIERAS,8820
2015/05,PERSONAS FÍSICAS,4754
2015/05,ADMINISTRACIONES PÚBLICAS,44476
2015/05,NO RESIDENTES,286285
2015/05,TOTAL,668715
2015/06,ENTIDADES DE CREDITO,195859
2015/06,BANCO DE ESPAÑA,45143
2015/06,ENTIDADES DE SEGUROS,61074
2015/06,FONDOS DE PENSIONES,12451
2015/06,FONDOS DE INVERSION,18692
2015/06,OTRAS INSTITUCIONES FINANCIERAS,1211
2015/06,EMPRESAS NO FINANCIERAS,9272
2015/06,PERSONAS FÍSICAS,4634
2015/06,ADMINISTRACIONES PÚBLICAS,43621
2015/06,NO RESIDENTES,291630
2015/06,TOTAL,683586
2015/07,ENTIDADES DE CREDITO,187944
2015/07,BANCO DE ESPAÑA,49295
2015/07,ENTIDADES DE SEGUROS,60525
2015/07,FONDOS DE PENSIONES,12130
2015/07,FONDOS DE INVERSION,17475
2015/07,OTRAS INSTITUCIONES FINANCIERAS,1203
2015/07,EMPRESAS NO FINANCIERAS,8830
2015/07,PERSONAS FÍSICAS,4514
2015/07,ADMINISTRACIONES PÚBLICAS,43638
2015/07,NO RESIDENTES,290483
2015/07,TOTAL,676037
2015/08,ENTIDADES DE CREDITO,185462
2015/08,BANCO DE ESPAÑA,53025
2015/08,ENTIDADES DE SEGUROS,60762
2015/08,FONDOS DE PENSIONES,11845
2015/08,FONDOS DE INVERSION,16777
2015/08,OTRAS INSTITUCIONES FINANCIERAS,1157
2015/08,EMPRESAS NO FINANCIERAS,8710
2015/08,PERSONAS FÍSICAS,4620
2015/08,ADMINISTRACIONES PÚBLICAS,42847
2015/08,NO RESIDENTES,300147
2015/08,TOTAL,685351
2015/09,ENTIDADES DE CREDITO,190115
2015/09,BANCO DE ESPAÑA,57710
2015/09,ENTIDADES DE SEGUROS,61567
2015/09,FONDOS DE PENSIONES,11070
2015/09,FONDOS DE INVERSION,15960
2015/09,OTRAS INSTITUCIONES FINANCIERAS,1168
2015/09,EMPRESAS NO FINANCIERAS,9058
2015/09,PERSONAS FÍSICAS,4271
2015/09,ADMINISTRACIONES PÚBLICAS,41571
2015/09,NO RESIDENTES,305794
2015/09,TOTAL,698285
2015/10,ENTIDADES DE CREDITO,184440
2015/10,BANCO DE ESPAÑA,62400
2015/10,ENTIDADES DE SEGUROS,61084
2015/10,FONDOS DE PENSIONES,10974
2015/10,FONDOS DE INVERSION,15786
2015/10,OTRAS INSTITUCIONES FINANCIERAS,1297
2015/10,EMPRESAS NO FINANCIERAS,10733
2015/10,PERSONAS FÍSICAS,4107
2015/10,ADMINISTRACIONES PÚBLICAS,39845
2015/10,NO RESIDENTES,316676
2015/10,TOTAL,707340
2015/11,ENTIDADES DE CREDITO,184692
2015/11,BANCO DE ESPAÑA,67190
2015/11,ENTIDADES DE SEGUROS,60785
2015/11,FONDOS DE PENSIONES,10822
2015/11,FONDOS DE INVERSION,15016
2015/11,OTRAS INSTITUCIONES FINANCIERAS,1208
2015/11,EMPRESAS NO FINANCIERAS,10787
2015/11,PERSONAS FÍSICAS,3510
2015/11,ADMINISTRACIONES PÚBLICAS,37353
2015/11,NO RESIDENTES,308351
2015/11,TOTAL,699715
2015/12,ENTIDADES DE CREDITO,180156
2015/12,BANCO DE ESPAÑA,71160
2015/12,ENTIDADES DE SEGUROS,62815
2015/12,FONDOS DE PENSIONES,10869
2015/12,FONDOS DE INVERSION,15022
2015/12,OTRAS INSTITUCIONES FINANCIERAS,1192
2015/12,EMPRESAS NO FINANCIERAS,10609
2015/12,PERSONAS FÍSICAS,3763
2015/12,ADMINISTRACIONES PÚBLICAS,37456
2015/12,NO RESIDENTES,312311
2015/12,TOTAL,705353
2016/01,ENTIDADES DE CREDITO,168201.120342
2016/01,BANCO DE ESPAÑA,74696.370513
2016/01,ENTIDADES DE SEGUROS,70057.744079
2016/01,FONDOS DE PENSIONES,12101.803008
2016/01,FONDOS DE INVERSION,15502.642695
2016/01,OTRAS INSTITUCIONES FINANCIERAS,604.138284
2016/01,EMPRESAS NO FINANCIERAS,2406.312262
2016/01,PERSONAS FÍSICAS,2930.625645
2016/01,ADMINISTRACIONES PÚBLICAS,39377.234116
2016/01,NO RESIDENTES,317980.954035
2016/01,TOTAL,703858.944979
2016/02,ENTIDADES DE CREDITO,171162.353565
2016/02,BANCO DE ESPAÑA,79483.370513
2016/02,ENTIDADES DE SEGUROS,71431.438079
2016/02,FONDOS DE PENSIONES,12268.923008
2016/02,FONDOS DE INVERSION,15273.776254
2016/02,OTRAS INSTITUCIONES FINANCIERAS,632.437284
2016/02,EMPRESAS NO FINANCIERAS,2366.846928
2016/02,PERSONAS FÍSICAS,2963.999919
2016/02,ADMINISTRACIONES PÚBLICAS,41890.359116
2016/02,NO RESIDENTES,313397.323313
2016/02,TOTAL,710870.827979
2016/03,ENTIDADES DE CREDITO,170541.927764
2016/03,BANCO DE ESPAÑA,84738.370513
2016/03,ENTIDADES DE SEGUROS,71541.656113
2016/03,FONDOS DE PENSIONES,11972.027008
2016/03,FONDOS DE INVERSION,15376.698657
2016/03,OTRAS INSTITUCIONES FINANCIERAS,634.956284
2016/03,EMPRESAS NO FINANCIERAS,2403.868595
2016/03,PERSONAS FÍSICAS,2828.372679
2016/03,ADMINISTRACIONES PÚBLICAS,41264.508116
2016/03,NO RESIDENTES,322287.88225
2016/03,TOTAL,723590.267979
2016/04,ENTIDADES DE CREDITO,170740.517764
2016/04,BANCO DE ESPAÑA,91245.870513
2016/04,ENTIDADES DE SEGUROS,72569.263113
2016/04,FONDOS DE PENSIONES,11897.653008
2016/04,FONDOS DE INVERSION,15024.062923
2016/04,OTRAS INSTITUCIONES FINANCIERAS,657.701284
2016/04,EMPRESAS NO FINANCIERAS,2355.778595
2016/04,PERSONAS FÍSICAS,2821.367679
2016/04,ADMINISTRACIONES PÚBLICAS,36718.247116
2016/04,NO RESIDENTES,305394.478984
2016/04,TOTAL,709424.940979
2016/05,ENTIDADES DE CREDITO,170568.654875
2016/05,BANCO DE ESPAÑA,99367.303513
2016/05,ENTIDADES DE SEGUROS,73038.358113
2016/05,FONDOS DE PENSIONES,11846.919008
2016/05,FONDOS DE INVERSION,14517.133481
2016/05,OTRAS INSTITUCIONES FINANCIERAS,683.485284
2016/05,EMPRESAS NO FINANCIERAS,2427.200595
2016/05,PERSONAS FÍSICAS,2856.065679
2016/05,ADMINISTRACIONES PÚBLICAS,36330.310116
2016/05,NO RESIDENTES,308496.067315
2016/05,TOTAL,720131.497979
2016/06,ENTIDADES DE CREDITO,172787.443333
2016/06,BANCO DE ESPAÑA,106594.743513
2016/06,ENTIDADES DE SEGUROS,73436.049113
2016/06,FONDOS DE PENSIONES,12355.850008
2016/06,FONDOS DE INVERSION,14812.850178
2016/06,OTRAS INSTITUCIONES FINANCIERAS,704.118284
2016/06,EMPRESAS NO FINANCIERAS,2355.506595
2016/06,PERSONAS FÍSICAS,2808.949679
2016/06,ADMINISTRACIONES PÚBLICAS,33911.053116
2016/06,NO RESIDENTES,310361.15716
2016/06,TOTAL,730127.720979
2016/07,ENTIDADES DE CREDITO,166377.064958
2016/07,BANCO DE ESPAÑA,112024.743513
2016/07,ENTIDADES DE SEGUROS,74864.623113
2016/07,FONDOS DE PENSIONES,12127.05519
2016/07,FONDOS DE INVERSION,15473.38607
2016/07,OTRAS INSTITUCIONES FINANCIERAS,700.568284
2016/07,EMPRESAS NO FINANCIERAS,2256.750595
2016/07,PERSONAS FÍSICAS,2812.646568
2016/07,ADMINISTRACIONES PÚBLICAS,32845.795116
2016/07,NO RESIDENTES,308822.547572
2016/07,TOTAL,728305.180979
2016/08,ENTIDADES DE CREDITO,164835.87382
2016/08,BANCO DE ESPAÑA,116554.743513
2016/08,ENTIDADES DE SEGUROS,75159.275025
2016/08,FONDOS DE PENSIONES,12171.008951
2016/08,FONDOS DE INVERSION,15541.676008
2016/08,OTRAS INSTITUCIONES FINANCIERAS,681.013284
2016/08,EMPRESAS NO FINANCIERAS,2306.286652
2016/08,PERSONAS FÍSICAS,2838.656568
2016/08,ADMINISTRACIONES PÚBLICAS,33209.148116
2016/08,NO RESIDENTES,308610.835042
2016/08,TOTAL,731908.516979
2016/09,ENTIDADES DE CREDITO,161398.05841
2016/09,BANCO DE ESPAÑA,122719.743513
2016/09,ENTIDADES DE SEGUROS,74541.797148
2016/09,FONDOS DE PENSIONES,12422.375008
2016/09,FONDOS DE INVERSION,17040.704622
2016/09,OTRAS INSTITUCIONES FINANCIERAS,725.850284
2016/09,EMPRESAS NO FINANCIERAS,2254.733595
2016/09,PERSONAS FÍSICAS,2478.205626
2016/09,ADMINISTRACIONES PÚBLICAS,30084.018575
2016/09,NO RESIDENTES,316924.252198
2016/09,TOTAL,740589.738979
2016/10,ENTIDADES DE CREDITO,157357.019669
2016/10,BANCO DE ESPAÑA,127226.743513
2016/10,ENTIDADES DE SEGUROS,74653.829024
2016/10,FONDOS DE PENSIONES,12392.994008
2016/10,FONDOS DE INVERSION,17137.647924
2016/10,OTRAS INSTITUCIONES FINANCIERAS,689.921174
2016/10,EMPRESAS NO FINANCIERAS,2345.584595
2016/10,PERSONAS FÍSICAS,2498.180626
2016/10,ADMINISTRACIONES PÚBLICAS,24218.416575
2016/10,NO RESIDENTES,310711.592871
2016/10,TOTAL,729231.929979
2016/11,ENTIDADES DE CREDITO,160685.724699
2016/11,BANCO DE ESPAÑA,133551.743513
2016/11,ENTIDADES DE SEGUROS,74143.275214
2016/11,FONDOS DE PENSIONES,12746.737008
2016/11,FONDOS DE INVERSION,16801.46722
2016/11,OTRAS INSTITUCIONES FINANCIERAS,737.219174
2016/11,EMPRESAS NO FINANCIERAS,2186.012515
2016/11,PERSONAS FÍSICAS,2479.333859
2016/11,ADMINISTRACIONES PÚBLICAS,22425.570707
2016/11,NO RESIDENTES,310982.77607
2016/11,TOTAL,736739.859979
2016/12,ENTIDADES DE CREDITO,153515.416435
2016/12,BANCO DE ESPAÑA,138590.243513
2016/12,ENTIDADES DE SEGUROS,74268.744214
2016/12,FONDOS DE PENSIONES,12698.615008
2016/12,FONDOS DE INVERSION,18837.27848
2016/12,OTRAS INSTITUCIONES FINANCIERAS,752.305284
2016/12,EMPRESAS NO FINANCIERAS,2240.441515
2016/12,PERSONAS FÍSICAS,2671.905018
2016/12,ADMINISTRACIONES PÚBLICAS,22600.899051
2016/12,NO RESIDENTES,315553.037461
2016/12,TOTAL,741728.885979
2017/01,ENTIDADES DE CREDITO,151100.797353
2017/01,BANCO DE ESPAÑA,143602.991513
2017/01,ENTIDADES DE SEGUROS,75055.497144
2017/01,FONDOS DE PENSIONES,12347.438008
2017/01,FONDOS DE INVERSION,18484.858362
2017/01,OTRAS INSTITUCIONES FINANCIERAS,731.186284
2017/01,EMPRESAS NO FINANCIERAS,1748.641515
2017/01,PERSONAS FÍSICAS,2686.837018
2017/01,ADMINISTRACIONES PÚBLICAS,20523.086707
2017/01,NO RESIDENTES,312650.888075
2017/01,TOTAL,738932.221979
2017/02,ENTIDADES DE CREDITO,158198.587849
2017/02,BANCO DE ESPAÑA,150212.991513
2017/02,ENTIDADES DE SEGUROS,76747.423744
2017/02,FONDOS DE PENSIONES,12417.569008
2017/02,FONDOS DE INVERSION,18718.418279
2017/02,OTRAS INSTITUCIONES FINANCIERAS,731.355284
2017/02,EMPRESAS NO FINANCIERAS,1692.628695
2017/02,PERSONAS FÍSICAS,2739.804374
2017/02,ADMINISTRACIONES PÚBLICAS,20581.250051
2017/02,NO RESIDENTES,306518.050182
2017/02,TOTAL,748558.078979
2017/03,ENTIDADES DE CREDITO,155447.972092
2017/03,BANCO DE ESPAÑA,156347.991513
2017/03,ENTIDADES DE SEGUROS,76384.323907
2017/03,FONDOS DE PENSIONES,11693.106008
2017/03,FONDOS DE INVERSION,18232.210644
2017/03,OTRAS INSTITUCIONES FINANCIERAS,814.263284
2017/03,EMPRESAS NO FINANCIERAS,1557.123695
2017/03,PERSONAS FÍSICAS,2638.980689
2017/03,ADMINISTRACIONES PÚBLICAS,20832.966707
2017/03,NO RESIDENTES,319128.92244
2017/03,TOTAL,763077.860979
2017/04,ENTIDADES DE CREDITO,149551.325347
2017/04,BANCO DE ESPAÑA,160870.991513
2017/04,ENTIDADES DE SEGUROS,76465.146097
2017/04,FONDOS DE PENSIONES,11706.379008
2017/04,FONDOS DE INVERSION,17636.895149
2017/04,OTRAS INSTITUCIONES FINANCIERAS,794.987284
2017/04,EMPRESAS NO FINANCIERAS,1416.540695
2017/04,PERSONAS FÍSICAS,2673.915324
2017/04,ADMINISTRACIONES PÚBLICAS,19556.683051
2017/04,NO RESIDENTES,312185.330511
2017/04,TOTAL,752858.193979
2017/05,ENTIDADES DE CREDITO,151738.826548
2017/05,BANCO DE ESPAÑA,165544.991513
2017/05,ENTIDADES DE SEGUROS,76952.021144
2017/05,FONDOS DE PENSIONES,11538.292008
2017/05,FONDOS DE INVERSION,17170.603577
2017/05,OTRAS INSTITUCIONES FINANCIERAS,791.975284
2017/05,EMPRESAS NO FINANCIERAS,1281.599695
2017/05,PERSONAS FÍSICAS,2617.355324
2017/05,ADMINISTRACIONES PÚBLICAS,19541.454707
2017/05,NO RESIDENTES,321049.065179
2017/05,TOTAL,768226.184979
2017/06,ENTIDADES DE CREDITO,152234.173507
2017/06,BANCO DE ESPAÑA,170301.991513
2017/06,ENTIDADES DE SEGUROS,76543.728309
2017/06,FONDOS DE PENSIONES,11146.393008
2017/06,FONDOS DE INVERSION,16786.643827
2017/06,OTRAS INSTITUCIONES FINANCIERAS,801.525284
2017/06,EMPRESAS NO FINANCIERAS,1203.406695
2017/06,PERSONAS FÍSICAS,2360.695954
2017/06,ADMINISTRACIONES PÚBLICAS,19479.870707
2017/06,NO RESIDENTES,326824.092175
2017/06,TOTAL,777682.520979
2017/07,ENTIDADES DE CREDITO,152774.906186
2017/07,BANCO DE ESPAÑA,173224.491513
2017/07,ENTIDADES DE SEGUROS,76404.925355
2017/07,FONDOS DE PENSIONES,11008.144008
2017/07,FONDOS DE INVERSION,16530.848446
2017/07,OTRAS INSTITUCIONES FINANCIERAS,786.667284
2017/07,EMPRESAS NO FINANCIERAS,1227.328695
2017/07,PERSONAS FÍSICAS,1717.319774
2017/07,ADMINISTRACIONES PÚBLICAS,16354.470051
2017/07,NO RESIDENTES,326287.107667
2017/07,TOTAL,776316.208979
2017/08,ENTIDADES DE CREDITO,153187.189184
2017/08,BANCO DE ESPAÑA,177224.491513
2017/08,ENTIDADES DE SEGUROS,76642.564289
2017/08,FONDOS DE PENSIONES,10953.739008
2017/08,FONDOS DE INVERSION,16601.924108
2017/08,OTRAS INSTITUCIONES FINANCIERAS,812.161284
2017/08,EMPRESAS NO FINANCIERAS,1189.527695
2017/08,PERSONAS FÍSICAS,1712.945774
2017/08,ADMINISTRACIONES PÚBLICAS,17121.332707
2017/08,NO RESIDENTES,325097.291417
2017/08,TOTAL,780543.166979
2017/09,ENTIDADES DE CREDITO,155580.108805
2017/09,BANCO DE ESPAÑA,181392.866513
2017/09,ENTIDADES DE SEGUROS,77896.770496
2017/09,FONDOS DE PENSIONES,10480.769008
2017/09,FONDOS DE INVERSION,16272.34368
2017/09,OTRAS INSTITUCIONES FINANCIERAS,822.530284
2017/09,EMPRESAS NO FINANCIERAS,1211.258654
2017/09,PERSONAS FÍSICAS,1722.16864
2017/09,ADMINISTRACIONES PÚBLICAS,13986.908697
2017/09,NO RESIDENTES,327717.155202
2017/09,TOTAL,787082.879979
2017/10,ENTIDADES DE CREDITO,151814.732488
2017/10,BANCO DE ESPAÑA,185729.566513
2017/10,ENTIDADES DE SEGUROS,77273.614905
2017/10,FONDOS DE PENSIONES,10432.419405
2017/10,FONDOS DE INVERSION,15382.261468
2017/10,OTRAS INSTITUCIONES FINANCIERAS,809.149284
2017/10,EMPRESAS NO FINANCIERAS,1258.322654
2017/10,PERSONAS FÍSICAS,1703.23592
2017/10,ADMINISTRACIONES PÚBLICAS,13263.984877
2017/10,NO RESIDENTES,323168.332465
2017/10,TOTAL,780835.619979
2017/11,ENTIDADES DE CREDITO,149603.727747
2017/11,BANCO DE ESPAÑA,190777.56651305
2017/11,ENTIDADES DE SEGUROS,77047.81341874
2017/11,FONDOS DE PENSIONES,10441.94336172
2017/11,FONDOS DE INVERSION,15410.9833886625
2017/11,OTRAS INSTITUCIONES FINANCIERAS,762.94528411
2017/11,EMPRESAS NO FINANCIERAS,1314.88965391
2017/11,PERSONAS FÍSICAS,1691.25681547
2017/11,ADMINISTRACIONES PÚBLICAS,13672.85869663
2017/11,NO RESIDENTES,330205.691099577
2017/11,TOTAL,790929.675979
2017/12,ENTIDADES DE CREDITO,147262.79331
2017/12,BANCO DE ESPAÑA,195501.56651305
2017/12,ENTIDADES DE SEGUROS,77851.96215674
2017/12,FONDOS DE PENSIONES,10540.55441772
2017/12,FONDOS DE INVERSION,15480.2511487075
2017/12,OTRAS INSTITUCIONES FINANCIERAS,767.03628411
2017/12,EMPRESAS NO FINANCIERAS,1335.21775239
2017/12,PERSONAS FÍSICAS,1685.49526995
2017/12,ADMINISTRACIONES PÚBLICAS,13850.69727593
2017/12,NO RESIDENTES,335344.069850272
2017/12,TOTAL,799619.64
2018/01,ENTIDADES DE CREDITO,149365.87772
2018/01,BANCO DE ESPAÑA,195501.56651305
2018/01,ENTIDADES DE SEGUROS,77391.68852674
2018/01,FONDOS DE PENSIONES,10886.40269672
2018/01,FONDOS DE INVERSION,15112.7879011154
2018/01,OTRAS INSTITUCIONES FINANCIERAS,778.75078411
2018/01,EMPRESAS NO FINANCIERAS,1066.64175239
2018/01,PERSONAS FÍSICAS,1597.33236624
2018/01,ADMINISTRACIONES PÚBLICAS,13197.71919411
2018/01,NO RESIDENTES,336583.581524394
2018/01,TOTAL,801482.34897887
2018/02,ENTIDADES DE CREDITO,154616.210009
2018/02,BANCO DE ESPAÑA,198118.56651305
2018/02,ENTIDADES DE SEGUROS,78899.51573774
2018/02,FONDOS DE PENSIONES,10841.30810472
2018/02,FONDOS DE INVERSION,14949.301729181
2018/02,OTRAS INSTITUCIONES FINANCIERAS,810.14078411
2018/02,EMPRESAS NO FINANCIERAS,1063.24775239
2018/02,PERSONAS FÍSICAS,1807.43734677
2018/02,ADMINISTRACIONES PÚBLICAS,13346.34637441
2018/02,NO RESIDENTES,342448.088627499
2018/02,TOTAL,816900.16297887
2018/03,ENTIDADES DE CREDITO,151864.16861
2018/03,BANCO DE ESPAÑA,200685.56651305
2018/03,ENTIDADES DE SEGUROS,78146.33853674
2018/03,FONDOS DE PENSIONES,10915.49519172
2018/03,FONDOS DE INVERSION,16027.2461539951
2018/03,OTRAS INSTITUCIONES FINANCIERAS,677.861
2018/03,EMPRESAS NO FINANCIERAS,1211.50675239
2018/03,PERSONAS FÍSICAS,1812.52613062
2018/03,ADMINISTRACIONES PÚBLICAS,13395.07837441
2018/03,NO RESIDENTES,352461.223715945
2018/03,TOTAL,827197.01097887
2018/04,ENTIDADES DE CREDITO,143131.709851
2018/04,BANCO DE ESPAÑA,202695.56651305
2018/04,ENTIDADES DE SEGUROS,78025.35412276
2018/04,FONDOS DE PENSIONES,10837.79247072
2018/04,FONDOS DE INVERSION,15823.4097655998
2018/04,OTRAS INSTITUCIONES FINANCIERAS,712.08378411
2018/04,EMPRESAS NO FINANCIERAS,1176.78675239
2018/04,PERSONAS FÍSICAS,1786.97587932
2018/04,ADMINISTRACIONES PÚBLICAS,12808.82855471
2018/04,NO RESIDENTES,352731.26428524
2018/04,TOTAL,819729.7719789
2018/05,ENTIDADES DE CREDITO,148403.009524
2018/05,BANCO DE ESPAÑA,205236.56651305
2018/05,ENTIDADES DE SEGUROS,79139.80767385
2018/05,FONDOS DE PENSIONES,10652.92873903
2018/05,FONDOS DE INVERSION,14898.0312103296
2018/05,OTRAS INSTITUCIONES FINANCIERAS,706.09
2018/05,EMPRESAS NO FINANCIERAS,1404.58075239
2018/05,PERSONAS FÍSICAS,1772.64471864
2018/05,ADMINISTRACIONES PÚBLICAS,12937.84737441
2018/05,NO RESIDENTES,354243.661473301
2018/05,TOTAL,829395.167979
2018/06,ENTIDADES DE CREDITO,151060.222381
2018/06,BANCO DE ESPAÑA,207730.56651305
2018/06,ENTIDADES DE SEGUROS,80324.03430442
2018/06,FONDOS DE PENSIONES,11395.47529872
2018/06,FONDOS DE INVERSION,14652.4922578432
2018/06,OTRAS INSTITUCIONES FINANCIERAS,681.042
2018/06,EMPRESAS NO FINANCIERAS,1353.26997108
2018/06,PERSONAS FÍSICAS,1791.98149897
2018/06,ADMINISTRACIONES PÚBLICAS,13110.28037441
2018/06,NO RESIDENTES,357128.451379407
2018/06,TOTAL,839227.8159789
2018/07,ENTIDADES DE CREDITO,148499.989313
2018/07,BANCO DE ESPAÑA,209019.56651305
2018/07,ENTIDADES DE SEGUROS,79482.61250842
2018/07,FONDOS DE PENSIONES,11058.09735472
2018/07,FONDOS DE INVERSION,15175.2473296881
2018/07,OTRAS INSTITUCIONES FINANCIERAS,670.928
2018/07,EMPRESAS NO FINANCIERAS,1338.51997108
2018/07,PERSONAS FÍSICAS,1556.45782595
2018/07,ADMINISTRACIONES PÚBLICAS,9936.37037441
2018/07,NO RESIDENTES,359115.110788552
2018/07,TOTAL,835852.89997887
2018/08,ENTIDADES DE CREDITO,149998.196038
2018/08,BANCO DE ESPAÑA,211358.16651305
2018/08,ENTIDADES DE SEGUROS,79997.17968342
2018/08,FONDOS DE PENSIONES,10724.08746572
2018/08,FONDOS DE INVERSION,15067.3965545904
2018/08,OTRAS INSTITUCIONES FINANCIERAS,676.505
2018/08,EMPRESAS NO FINANCIERAS,1375.54897108
2018/08,PERSONAS FÍSICAS,1717.32417795
2018/08,ADMINISTRACIONES PÚBLICAS,9980.56737441
2018/08,NO RESIDENTES,360049.11520065
2018/08,TOTAL,840944.08697887
2018/09,ENTIDADES DE CREDITO,152409.510294
2018/09,BANCO DE ESPAÑA,214156.16651305
2018/09,ENTIDADES DE SEGUROS,80302.10967833
2018/09,FONDOS DE PENSIONES,10646.37724372
2018/09,FONDOS DE INVERSION,14452.1266040136
2018/09,OTRAS INSTITUCIONES FINANCIERAS,700.539
2018/09,EMPRESAS NO FINANCIERAS,1374.61697108
2018/09,PERSONAS FÍSICAS,1522.11550395
2018/09,ADMINISTRACIONES PÚBLICAS,9989.19237441
2018/09,NO RESIDENTES,368935.888796317
2018/09,TOTAL,854488.64297887
2018/10,ENTIDADES DE CREDITO,145842.948448
2018/10,BANCO DE ESPAÑA,213576.16651305
2018/10,ENTIDADES DE SEGUROS,80191.28743233
2018/10,FONDOS DE PENSIONES,10385.02914372
2018/10,FONDOS DE INVERSION,13263.7545218683
2018/10,OTRAS INSTITUCIONES FINANCIERAS,723.465
2018/10,EMPRESAS NO FINANCIERAS,1323.70580744
2018/10,PERSONAS FÍSICAS,1618.03834159
2018/10,ADMINISTRACIONES PÚBLICAS,9387.30219411
2018/10,NO RESIDENTES,367434.557576762
2018/10,TOTAL,843746.25497887
2018/11,ENTIDADES DE CREDITO,145684.384612
2018/11,BANCO DE ESPAÑA,216391.666513
2018/11,ENTIDADES DE SEGUROS,81164.562851
2018/11,FONDOS DE PENSIONES,9905.239422
2018/11,FONDOS DE INVERSION,13748.22791
2018/11,OTRAS INSTITUCIONES FINANCIERAS,728.332
2018/11,EMPRESAS NO FINANCIERAS,1279.143807
2018/11,PERSONAS FÍSICAS,1444.729668
2018/11,ADMINISTRACIONES PÚBLICAS,9522.344374
2018/11,NO RESIDENTES,371826.122822
2018/11,TOTAL,851694.753979
2018/12,ENTIDADES DE CREDITO,145369.030104
2018/12,BANCO DE ESPAÑA,217923.49151305
2018/12,ENTIDADES DE SEGUROS,81407.16583466
2018/12,FONDOS DE PENSIONES,9751.51001072
2018/12,FONDOS DE INVERSION,13932.1690532056
2018/12,OTRAS INSTITUCIONES FINANCIERAS,693.858
2018/12,EMPRESAS NO FINANCIERAS,1231.67580744
2018/12,PERSONAS FÍSICAS,1624.15737659
2018/12,ADMINISTRACIONES PÚBLICAS,9614.11737441
2018/12,NO RESIDENTES,373579.488904925
2018/12,TOTAL,855126.663979
2019/01,ENTIDADES DE CREDITO,148016.661335
2019/01,BANCO DE ESPAÑA,216477.49151305
2019/01,ENTIDADES DE SEGUROS,80321.17005509
2019/01,FONDOS DE PENSIONES,9782.84713172
2019/01,FONDOS DE INVERSION,13841.0637496051
2019/01,OTRAS INSTITUCIONES FINANCIERAS,734.754
2019/01,EMPRESAS NO FINANCIERAS,1214.99580744
2019/01,PERSONAS FÍSICAS,1603.0562855
2019/01,ADMINISTRACIONES PÚBLICAS,8881.87737441
2019/01,NO RESIDENTES,376157.557727055
2019/01,TOTAL,857031.47497887
2019/02,ENTIDADES DE CREDITO,153856.339679
2019/02,BANCO DE ESPAÑA,216822.49151305
2019/02,ENTIDADES DE SEGUROS,82070.12773732
2019/02,FONDOS DE PENSIONES,9827.77452072
2019/02,FONDOS DE INVERSION,14408.363569033
2019/02,OTRAS INSTITUCIONES FINANCIERAS,727.975
2019/02,EMPRESAS NO FINANCIERAS,1217.41680744
2019/02,PERSONAS FÍSICAS,1466.1254415
2019/02,ADMINISTRACIONES PÚBLICAS,9110.47037441
2019/02,NO RESIDENTES,376785.624336397
2019/02,TOTAL,866292.70897887
2019/03,ENTIDADES DE CREDITO,156024.895994
2019/03,BANCO DE ESPAÑA,217248.49151305
2019/03,ENTIDADES DE SEGUROS,82722.9989006901
2019/03,FONDOS DE PENSIONES,9915.02512672
2019/03,FONDOS DE INVERSION,14491.1181998852
2019/03,OTRAS INSTITUCIONES FINANCIERAS,737.42178411
2019/03,EMPRESAS NO FINANCIERAS,1202.71880744
2019/03,PERSONAS FÍSICAS,1460.52262833
2019/03,ADMINISTRACIONES PÚBLICAS,9177.28719411
2019/03,NO RESIDENTES,386996.856830535
2019/03,TOTAL,879977.33697887
2019/04,ENTIDADES DE CREDITO,146409.018815
2019/04,BANCO DE ESPAÑA,213429.29151305
2019/04,ENTIDADES DE SEGUROS,82245.77269432
2019/04,FONDOS DE PENSIONES,9591.36446672
2019/04,FONDOS DE INVERSION,12981.6082719806
2019/04,OTRAS INSTITUCIONES FINANCIERAS,693.50878411
2019/04,EMPRESAS NO FINANCIERAS,1447.90880744
2019/04,PERSONAS FÍSICAS,1400.70622009
2019/04,ADMINISTRACIONES PÚBLICAS,9089.40819411
2019/04,NO RESIDENTES,388380.396212179
2019/04,TOTAL,865668.983979
2019/05,ENTIDADES DE CREDITO,147264.099446
2019/05,BANCO DE ESPAÑA,213858.79151305
2019/05,ENTIDADES DE SEGUROS,83249.91585363
2019/05,FONDOS DE PENSIONES,9572.85155498
2019/05,FONDOS DE INVERSION,13680.7958476335
2019/05,OTRAS INSTITUCIONES FINANCIERAS,650.631
2019/05,EMPRESAS NO FINANCIERAS,1415.53980744
2019/05,PERSONAS FÍSICAS,1395.90820639
2019/05,ADMINISTRACIONES PÚBLICAS,9097.94063654
2019/05,NO RESIDENTES,394341.436113207
2019/05,TOTAL,874527.90997887
2019/06,ENTIDADES DE CREDITO,143187.368543
2019/06,BANCO DE ESPAÑA,214013.79151305
2019/06,ENTIDADES DE SEGUROS,82410.18201569
2019/06,FONDOS DE PENSIONES,10036.83875772
2019/06,FONDOS DE INVERSION,13937.4331114169
2019/06,OTRAS INSTITUCIONES FINANCIERAS,680.914
2019/06,EMPRESAS NO FINANCIERAS,822.07180744
2019/06,PERSONAS FÍSICAS,1377.63981458
2019/06,ADMINISTRACIONES PÚBLICAS,10126.94419411
2019/06,NO RESIDENTES,411976.562221863
2019/06,TOTAL,888569.74597887
2019/07,ENTIDADES DE CREDITO,140070.833249
2019/07,BANCO DE ESPAÑA,211469.29151305
2019/07,ENTIDADES DE SEGUROS,81967.03508769
2019/07,FONDOS DE PENSIONES,9832.01343272
2019/07,FONDOS DE INVERSION,14066.1034834106
2019/07,OTRAS INSTITUCIONES FINANCIERAS,626.739
2019/07,EMPRESAS NO FINANCIERAS,782.75180744
2019/07,PERSONAS FÍSICAS,1337.07717927
2019/07,ADMINISTRACIONES PÚBLICAS,9340.37537441
2019/07,NO RESIDENTES,407422.748851879
2019/07,TOTAL,876914.96897887
2019/08,ENTIDADES DE CREDITO,137327.95089
2019/08,BANCO DE ESPAÑA,211684.79151305
2019/08,ENTIDADES DE SEGUROS,82218.01194769
2019/08,FONDOS DE PENSIONES,10108.42056872
2019/08,FONDOS DE INVERSION,13584.727355087
2019/08,OTRAS INSTITUCIONES FINANCIERAS,627.264
2019/08,EMPRESAS NO FINANCIERAS,873.25380744
2019/08,PERSONAS FÍSICAS,1337.46814743
2019/08,ADMINISTRACIONES PÚBLICAS,9320.90219411
2019/08,NO RESIDENTES,414764.110555343
2019/08,TOTAL,881846.90097887
2019/09,ENTIDADES DE CREDITO,139896.854853
2019/09,BANCO DE ESPAÑA,211884.09651305
2019/09,ENTIDADES DE SEGUROS,82554.25335269
2019/09,FONDOS DE PENSIONES,9899.56702972
2019/09,FONDOS DE INVERSION,13589.2427149942
2019/09,OTRAS INSTITUCIONES FINANCIERAS,692.698
2019/09,EMPRESAS NO FINANCIERAS,865.18180744
2019/09,PERSONAS FÍSICAS,1327.42731909
2019/09,ADMINISTRACIONES PÚBLICAS,9295.30719411
2019/09,NO RESIDENTES,420781.339194776
2019/09,TOTAL,890785.96797887
2019/10,ENTIDADES DE CREDITO,136872.374591
2019/10,BANCO DE ESPAÑA,210509.59651305
2019/10,ENTIDADES DE SEGUROS,81620.66950532
2019/10,FONDOS DE PENSIONES,9073.47109772
2019/10,FONDOS DE INVERSION,13316.6468327064
2019/10,OTRAS INSTITUCIONES FINANCIERAS,667.288
2019/10,EMPRESAS NO FINANCIERAS,786.17880744
2019/10,PERSONAS FÍSICAS,1279.45215507
2019/10,ADMINISTRACIONES PÚBLICAS,8707.12037441
2019/10,NO RESIDENTES,414682.752102153
2019/10,TOTAL,877515.54997887
2019/11,ENTIDADES DE CREDITO,135104.869663
2019/11,BANCO DE ESPAÑA,210247.09651305
2019/11,ENTIDADES DE SEGUROS,81260.59881332
2019/11,FONDOS DE PENSIONES,9077.00922959
2019/11,FONDOS DE INVERSION,12894.0881034323
2019/11,OTRAS INSTITUCIONES FINANCIERAS,743.816
2019/11,EMPRESAS NO FINANCIERAS,802.70380744
2019/11,PERSONAS FÍSICAS,1276.03776875
2019/11,ADMINISTRACIONES PÚBLICAS,8951.78425421
2019/11,NO RESIDENTES,415500.647826078
2019/11,TOTAL,875858.65197887
2019/12,ENTIDADES DE CREDITO,133600.311342
2019/12,BANCO DE ESPAÑA,212598.49651305
2019/12,ENTIDADES DE SEGUROS,78689.32874469
2019/12,FONDOS DE PENSIONES,8755.70480059
2019/12,FONDOS DE INVERSION,12835.6112821733
2019/12,OTRAS INSTITUCIONES FINANCIERAS,763.42
2019/12,EMPRESAS NO FINANCIERAS,839.92580744
2019/12,PERSONAS FÍSICAS,1395.52882021
2019/12,ADMINISTRACIONES PÚBLICAS,12876.11519411
2019/12,NO RESIDENTES,417772.322474607
2019/12,TOTAL,880126.76497887
2020/01,ENTIDADES DE CREDITO,124520.606435
2020/01,BANCO DE ESPAÑA,211007.09651305
2020/01,ENTIDADES DE SEGUROS,78378.80853032
2020/01,FONDOS DE PENSIONES,8648.35703659
2020/01,FONDOS DE INVERSION,12657.6459094288
2020/01,OTRAS INSTITUCIONES FINANCIERAS,730.654
2020/01,EMPRESAS NO FINANCIERAS,914.42180744
2020/01,PERSONAS FÍSICAS,1379.10863337
2020/01,ADMINISTRACIONES PÚBLICAS,12610.28619411
2020/01,NO RESIDENTES,428280.100919561
2020/01,TOTAL,879127.08597887
2020/02,ENTIDADES DE CREDITO,126482.67343
2020/02,BANCO DE ESPAÑA,212716.53651305
2020/02,ENTIDADES DE SEGUROS,78013.47898532
2020/02,FONDOS DE PENSIONES,8730.86128059
2020/02,FONDOS DE INVERSION,12453.2923779703
2020/02,OTRAS INSTITUCIONES FINANCIERAS,782.023
2020/02,EMPRESAS NO FINANCIERAS,793.63180744
2020/02,PERSONAS FÍSICAS,1253.24130924
2020/02,ADMINISTRACIONES PÚBLICAS,12781.41019411
2020/02,NO RESIDENTES,436662.05408115
2020/02,TOTAL,890669.20297887
2020/03,ENTIDADES DE CREDITO,144130.533964
2020/03,BANCO DE ESPAÑA,219241.53651305
2020/03,ENTIDADES DE SEGUROS,78255.75744069
2020/03,FONDOS DE PENSIONES,8642.08438459
2020/03,FONDOS DE INVERSION,12509.1818328975
2020/03,OTRAS INSTITUCIONES FINANCIERAS,694.458
2020/03,EMPRESAS NO FINANCIERAS,800.00480744
2020/03,PERSONAS FÍSICAS,1250.30444578
2020/03,ADMINISTRACIONES PÚBLICAS,12863.24037441
2020/03,NO RESIDENTES,437200.388216013
2020/03,TOTAL,915587.48997887
2020/04,ENTIDADES DE CREDITO,149097.284853
2020/04,BANCO DE ESPAÑA,229016.09651305
2020/04,ENTIDADES DE SEGUROS,76800.88351469
2020/04,FONDOS DE PENSIONES,8851.00297159
2020/04,FONDOS DE INVERSION,11775.3171601201
2020/04,OTRAS INSTITUCIONES FINANCIERAS,717.55597483
2020/04,EMPRESAS NO FINANCIERAS,868.08280744
2020/04,PERSONAS FÍSICAS,1219.36861102
2020/04,ADMINISTRACIONES PÚBLICAS,12562.64737441
2020/04,NO RESIDENTES,431023.239434568
2020/04,TOTAL,921931.47497887
2020/05,ENTIDADES DE CREDITO,153845.084288
2020/05,BANCO DE ESPAÑA,243019.29651305
2020/05,ENTIDADES DE SEGUROS,76786.09510169
2020/05,FONDOS DE PENSIONES,8333.42559259
2020/05,FONDOS DE INVERSION,11549.1888893481
2020/05,OTRAS INSTITUCIONES FINANCIERAS,575.811
2020/05,EMPRESAS NO FINANCIERAS,859.00580744
2020/05,PERSONAS FÍSICAS,1212.64644948
2020/05,ADMINISTRACIONES PÚBLICAS,12890.17937441
2020/05,NO RESIDENTES,429916.082962862
2020/05,TOTAL,938986.81597887
2020/06,ENTIDADES DE CREDITO,156819.835533
2020/06,BANCO DE ESPAÑA,258604.79651305
2020/06,ENTIDADES DE SEGUROS,77298.55322167
2020/06,FONDOS DE PENSIONES,8670.29291759
2020/06,FONDOS DE INVERSION,11648.2310850012
2020/06,OTRAS INSTITUCIONES FINANCIERAS,652.33697469
2020/06,EMPRESAS NO FINANCIERAS,962.96880744
2020/06,PERSONAS FÍSICAS,1212.49772214
2020/06,ADMINISTRACIONES PÚBLICAS,12655.82319411
2020/06,NO RESIDENTES,438951.035010179
2020/06,TOTAL,967476.37097887
2020/07,ENTIDADES DE CREDITO,155069.282011
2020/07,BANCO DE ESPAÑA,264632.79651305
2020/07,ENTIDADES DE SEGUROS,77253.93399276
2020/07,FONDOS DE PENSIONES,8640.42335061
2020/07,FONDOS DE INVERSION,11676.7352940731
2020/07,OTRAS INSTITUCIONES FINANCIERAS,667.617
2020/07,EMPRESAS NO FINANCIERAS,1015.56280744
2020/07,PERSONAS FÍSICAS,1207.25798318
2020/07,ADMINISTRACIONES PÚBLICAS,12312.92119411
2020/07,NO RESIDENTES,431196.452832647
2020/07,TOTAL,963672.98297887
2020/08,ENTIDADES DE CREDITO,156178.087113
2020/08,BANCO DE ESPAÑA,271545.79651305
2020/08,ENTIDADES DE SEGUROS,78130.29634457
2020/08,FONDOS DE PENSIONES,9176.81288959
2020/08,FONDOS DE INVERSION,11681.6244452307
2020/08,OTRAS INSTITUCIONES FINANCIERAS,724.18397471
2020/08,EMPRESAS NO FINANCIERAS,1011.48180744
2020/08,PERSONAS FÍSICAS,1205.66998318
2020/08,ADMINISTRACIONES PÚBLICAS,12536.22563654
2020/08,NO RESIDENTES,427251.2579505
2020/08,TOTAL,969441.43897887
2020/09,ENTIDADES DE CREDITO,156374.036733
2020/09,BANCO DE ESPAÑA,280858.79651305
2020/09,ENTIDADES DE SEGUROS,78165.15665757
2020/09,FONDOS DE PENSIONES,9309.85276559
2020/09,FONDOS DE INVERSION,11325.2426443918
2020/09,OTRAS INSTITUCIONES FINANCIERAS,725.77297471
2020/09,EMPRESAS NO FINANCIERAS,1012.45180744
2020/09,PERSONAS FÍSICAS,1196.62672214
2020/09,ADMINISTRACIONES PÚBLICAS,12469.09919411
2020/09,NO RESIDENTES,426878.697966868
2020/09,TOTAL,978315.73397887
2020/10,ENTIDADES DE CREDITO,151605.968638
2020/10,BANCO DE ESPAÑA,286806.92951305
2020/10,ENTIDADES DE SEGUROS,76580.21510957
2020/10,FONDOS DE PENSIONES,9367.36793159
2020/10,FONDOS DE INVERSION,11343.6821779418
2020/10,OTRAS INSTITUCIONES FINANCIERAS,702.86297471
2020/10,EMPRESAS NO FINANCIERAS,1008.86880744
2020/10,PERSONAS FÍSICAS,1140.63678094
2020/10,ADMINISTRACIONES PÚBLICAS,10255.96282486
2020/10,NO RESIDENTES,419604.316220768
2020/10,TOTAL,968416.81097887
2020/11,ENTIDADES DE CREDITO,151405.602326
2020/11,BANCO DE ESPAÑA,295407.52951305
2020/11,ENTIDADES DE SEGUROS,76759.98843257
2020/11,FONDOS DE PENSIONES,9364.01872559
2020/11,FONDOS DE INVERSION,10781.9962930506
2020/11,OTRAS INSTITUCIONES FINANCIERAS,709.01097471
2020/11,EMPRESAS NO FINANCIERAS,994.78480744
2020/11,PERSONAS FÍSICAS,1133.1618265
2020/11,ADMINISTRACIONES PÚBLICAS,11208.05956273
2020/11,NO RESIDENTES,414477.763517229
2020/11,TOTAL,972241.91597887
2020/12,ENTIDADES DE CREDITO,147880.390767
2020/12,BANCO DE ESPAÑA,301774.52951305
2020/12,ENTIDADES DE SEGUROS,76436.04722657
2020/12,FONDOS DE PENSIONES,9366.25120006
2020/12,FONDOS DE INVERSION,11107.0124307626
2020/12,OTRAS INSTITUCIONES FINANCIERAS,713.26597471
2020/12,EMPRESAS NO FINANCIERAS,991.95898774
2020/12,PERSONAS FÍSICAS,1134.19767428
2020/12,ADMINISTRACIONES PÚBLICAS,11259.48738243
2020/12,NO RESIDENTES,413062.266822267
2020/12,TOTAL,973725.40797887
